신살,기본내용,조건(남),조건(여),조건(기타)
간여지동(干與支同),\n▷ 일주가 비겁구조이며 동기(同氣)의 부동화(不同化)로서 자기주장과 선민성이 강함. 아집과 고집 \n▷ 양인가살(羊刃駕殺)과 군겁쟁재(群劫爭財)로서 재관을 극설 \n▷ 간지의 기적 물적 영역간의 충돌(비겁의 충돌) \n▷ 간여지동의 사주는 배우자를 극하는 유형으로 다투거나 소원해짐 (대인관계는 원만하나 유독 배우자 인연은 부정적) \n▷ 간여지동 사주는 배타적(排他的)이며. 연애 운이 빨라 일찍 이성에 눈뜨기 쉽지만 만혼(晩婚)해야 길복 \n▷ 직업상 주말부부 형식 또는 자녀학업 등 관련하여 독립적 생활을 영위하며 각자의 “꼴(본분)”을 지킬때 부부해로,,​\n▷ 여명에 작용하면 불리. 주체성 강하고 양보심 결여. 자만심. 부부불화. 주장관철. 호전적. 지기 싫어함. 무정. 독선적. 실천력. 추진력. 다소 투기적. 목표 분명,\n▷ 행운에서 간여지동을 만나거나 백호 등이 흉살과 겹치면 해로 불가하므로 떨어져 사는 것도 좋음 \n▷ 간여지동이 백호살 및 흉살과 동주하면 사별 가능성 높음 ​\n▷ 행운과 동주하면 공황장애. 초조불안. 갈등. 오만방자. 무례. 상대를 제압하려는 속성 \n▷ 토(土)의 간여지동은 대체로 초혼 실패. 처의 병치레를 암시 \n▷ 특히 양일간의 간여지동은 해로 문제 있음 \n▷ 일지의 왕지 간여지동은 고집과 아집이 셈. 타인충고 배제함 \n▷ 간여지동 가운데 을묘(乙卯) 신유(辛酉) 임자(壬子)일주처럼 비겁이 록왕하면 지출이 많은 유형으로 일득삼실(一得三失)의 전형. 따라서 저축을 생활의 일순위에 두지 않으면 재(財)수성 곤란\n
건록(建祿),\n▷ 금여록 암록 천을귀인 태극귀인과 함께 길성의 대표로서 록(祿) 정록(正祿) 재(財)의 별칭 \n▷ 건록에 관대가 임한다 하여 임관(任官) \n▷ 월지에 있으면 건록(建祿). 일지에 있으면 일록(日祿). 시지에 있으면 귀록격(貴祿格)이라고 하지만. 기본적으로 일지에 록을 보면 귀격에 해당 \n▷ 부귀공명 건강장수길명 배우자덕. 해당 지지의 육친덕. 공직운과 사업운이 강해 승승장구,,,\n▷ 충형해파 또는 공망되면 ​직주이동수. 질병 및 손재수. 법조계 및 의료직 또는 활인종교업에 종사하면 피흉 ​\n▷ 신약사주에 건록이면 길복에 해당함. 특히 록마(祿馬)의 정관정재가 식신을 보면 대성 대길함\n
격각(隔角),\n▷ 격각살(隔角殺)은 지지의 순행배열에 따라 한 칸씩 띄워져 있는 구조로서. 주로 일지와 시지를 우선하여 보지만. 일지를 기준으로 타지(他支)에 적용하며 원형이정 시기에 따라 십성육친 등을 살피는 수단 \n▷ 상문살(喪門殺)의 구조적 배열과 동일 적용 \n▷ 격각된 십성육친은 공방수(空房數)로 동소동거(同所同居) 곤란 \n▷ 격각살은 역마의 기운이 있어 가족과 떨어져 살게 됨을 암시하며. 신체손상 및 방랑기로 직주의 이동이 심함 \n▷ 일지와 연운지의 관계도 격각살이 성립하지만 주로 시지 및 월지를 일지와 비교함. 가령 갑오(甲午) 일생은 신(申)년운 관성이 격각살로서 직업이동 및 변동수,,,​\n▷ 특히 삼재운에 격각살이 동착하면 부부 운이 좋지 않아 불화\n
계비관(鷄飛關),\n▷ 어린이(10세 이하)가 동물의 살생 장면을 보면 흉액이 미침 \n▷ 계비관살의 연운에서 작용하고. 일주가 계비관살이면 취약 \n▷ 심신안정과 정서고양에 불리하여 질병에 노출 위험 \n▷ 연운 계비관살에 폭력행위 및 부부문제 등으로 관재구설,,,\n
고란(孤鸞),\n▷ 신음살(呻吟殺) 공방살(空房殺) 고독살(孤獨殺) \n▷ 을사(乙巳) 정사(丁巳) 신해(辛亥) 무신(戊申) 갑인(甲寅)일주의 여명에 해당. 장간식상이 관성을 극하거나 정관과 편관이 절지 태지 사지에 해당 ​\n▷ 인정 많음. 대인관계 좋음. 이재관심. 기본적으로 배우자에게 잘하는 편이나 감정기복 심함 \n▷ 늦게 결혼하거나 고란살이 있는 남명을 만나면 해로함 \n▷ 가급적 사회생활 및 직업을 통하여 외로운 기운을 분출 \n▷ 일주가 아닌 주중에 있어도 해당 육친 및 시기에 영향 \n▷ 독신의 운명이기 때문에 종교에 귀의하기도 함 \n▷ 원국에 재성과 관성이 청기하면 해로함,,\n▷ 일주가 고란살인 여명은 대체로 남편과 생사 이별하여 홀로 됨. 다혈질. 뒤끝이 없음,\n
고신(孤辰),\n▷ 상처살(喪妻殺) 고신살(孤身殺) 방합적용 \n▷ 남자에게 해당. 부인을 극하고 부부 이별의 의미(애정운) \n▷ 고신살에 해당하는 주중에 부모 또는 아내와 이별 \n▷ 일지의 방합을 기준으로 지지와 비교. 고신살 행운에도 영향 \n▷ 원국의 비겁 또는 인성이 고신이면 만혼하거나 해로불가 \n▷ 원국의 재성이 사 절지에 해당하고 고신이면 결혼 곤란 \n▷ 원국에 고신살과 과숙살이 혼잡하면 부모형제 인연 박함 \n▷ 고과살(孤寡殺)=고신살+과숙살. 사주에 고과살이 있으면 생리사별. 만혼지명(晩婚之命). 남녀 각각 고과살을 가지고 있으면 상애(相愛)함으로써 무방함,,,\n
곡각(曲脚),\n▷ 을기사축(乙 己 巳 丑)의 굽어진 자형 \n▷ 을묘(乙卯) 을사(乙巳) 을미(乙未) 을유(乙酉) 을해(乙亥) 정사(丁巳) 기묘(己卯) 기사(己巳) 기미(己未) 기유(己酉) 기해(己亥) 기축(己丑) 신사(辛巳) 계사(癸巳)일주 및 주중에 해당 \n▷ 살성(殺性)이 강하면 수족장애가 생겨 병약(病弱) \n▷ 소아마비 자폐증 후천적 뇌질환 뇌성마비 등에 취약 ​\n▷ 신경통 및 수술 등의 병력이 많고 사고위험에 노출 \n▷ 전생에 전쟁과 살상을 많이 한 경우의 인과응보설이 지배적이나. 곡각살이 있으면 활인적덕해야 피흉함,,,\n▷ 운에서 충형해파하면 신경통. 관절염. 골절사고 등 발생 \n▷ 현침살과 동주하면 생사의 수술 및 심각한 신체장애 발생\n
과살(戈殺),\n▷ 글자의 부수 및 형상을 보고 지었다 하여 자형살(字形殺)이라 함(평두살 현침살 곡각살 등도 자형살에 해당) \n▷ 무토(戊土)와 술토(戌土)가 일시(日時)에 있는 경우 \n▷ 무술(戊戌)의 한자 부수가 과(戈 ‘창 과’)의 의미를 함축하여 수술과 관련된 흉상(凶相) 및 신체에 흉터를 지니게 됨을 암시 ​\n▷ 성형수술 등을 할 때는 과살이 있는 행운을 피해서 할 것,,,\n
과숙(寡宿),\n▷ 과부살(寡婦殺) 상부살(喪夫殺) 공방살(空房殺) 독수공방살(獨守空房殺)로서 일지의 방합(方合)을 적용 \n▷ 멜랑콜리(melancholy) 즉 우울하고 청승맞은 이미지 ​\n▷ 여자에게 해당. 육친 및 부부 인연이 박함 \n▷ 화개살+과숙살=스님 보살 역마살+과숙살=유랑생활 \n▷ 부부 모두에게 과숙살이 있다면 살이 없어져 해로 \n▷ 원국의 과숙살이 사흉신에 해당하면 해로 불가 \n▷ 원국의 관성이 사절지에 해당하고 과숙이면 해로 불가 \n▷ 고과살(孤寡殺)=고신살+과숙살. 사주에 고과살이 있으면 생리사별 만혼지명(晩婚之命). 남녀 각각 고과살을 가지고 있으면 상애(相愛)함으로써 무방함,,,\n
관귀학관(官貴學官),\n▷ 학문과 직업의 우월성을 나타내는 신살 \n▷ 을사(乙巳) 병신(丙申) 기해(己亥) 경인(庚寅) 임인(壬寅)일주 및 일간과 해당지지 \n▷ 특히 직업에서 발군의 실력발휘로 승진 승급에 절대 유리 \n▷ 사주의 주중에 관귀학관이 없으면 대운과 연운에서 살핌. 다만 행운에서 관귀학관이 충형해파하면 무력 양상 \n▷ 일간의 관성이 십이운성의 장생이 되는 지지가 관귀학관. (戊.己는 양자설 입장 亥水관귀학관은 명리정종설. 申金관귀학관은 연해자평설),,,\n
괴강(魁罡),\n▷ 괴(魁 ‘으뜸 괴’) 강(罡 ‘북두성 강’) 북두칠성의 머리 부분 네 개 \n▷ 괴강살은 전생에 못된 짓을 많이 했던 남자가 여자로 환생한 살로서 남성화된 여성을 의미한다는 속설 \n▷ 자기주장 우두머리_별 카리스마 리더십 독립심 명예중시 극단적 아집 다변강경(多辯强硬) 진취적 권력지향 과단성. 분위기 압도. 굴곡. 남성은 학술과 화술에 재능. 강직 정직 당당 청렴결백 고집 \n▷ 배우자도 같은 괴강이 동주하면 의기투합하여 해로 \n▷ 무진(戊辰) 무술(戊戌) 경진(庚辰) 경술(庚戌) 임진(壬辰) 임술(壬戌) 간지가 일주기준 2개 이상은 강함. 갑진(甲辰) 갑술(甲戌) 병진(丙辰) 병술(丙戌)일주도 괴강의 기운이 있음 \n▷ 진(辰)은 땅을 상징하는 수(水)의 고지로서 하괴(下魁)이자 지망(地網)이 되며. 술(戌)은 하늘을 상징하는 화(火)의 고지로서 상괴(上魁)의 천강천(天罡川)이자 라망(羅網)이 되어 상쟁의 의미가 강함 \n▷ 진술(辰戌)은 지지 중에서 가장 기가 세며 상호 투쟁(음양의 전 단계 문) \n▷ 일주의 괴강이 온전하면 부귀권세를 누림(특히 군검경 및 교육분야) \n▷ 일주의 괴강이 불안정하면 성정이 표독하고 박복,,\n▷ 여명의 괴강은 전문직에서 능력 발휘하는 경우가 많아 남편보다 집안의 중심역할을 하는 가주(家主)가 많음. 아울러 여명의 괴강은 미인이 많은 편 \n▷ 여명괴강은 본인이 남녀공학 원하며 군경 또는 운동선수 등의 활발한 업상을 좋아하며. 교육 및 생살여탈 직업군과 인연할 가능성 큼,\n
교신(交神),\n▷ 일주가 병오(丙午) 병자(丙子) 신묘(辛卯) 신유(辛酉) 일생 \n▷ 퇴신(退身)과 복신(伏神) 전에 오는 신살로서 불확실한 미래에 대한 불안감으로 상황을 살핀다는 의미가 강해 기회주의적 성향 \n▷ 사시적(斜視的)이며 개성이 강하고 마이웨이(my way) 유형으로 주위에 개의치 않고 자기 뜻대로 하려는 성향 \n▷ 속내를 알 수 없고 자신이 좋아하는 것에만 관심이 있기 때문에 대중적 화합을 기대하기 곤란 ​\n▷ 배타성이 강하여 홀로 지내는 경우가 많고. 동업하면 필패 ​\n▷ 교신(交神) 퇴신(退身) 복신(伏神)은 음양차착살과 동일,,\n▷ 여성의 경우 순수성은 돋보이나 이간질과 의타심이 강함,\n
구추방해(九醜妨害),\n▷ 구추살과 방해살로 분류하나 일주가 같아 함께 사용 ​\n▷ 이성관계가 복잡하게 얽히기 쉽고. 대체로 잘못된 만남으로 ​문제를 야기하여 악연이 됨 \n▷ 신체 병약으로 수술수 및 크고 작은 사고로 굴곡 많은 삶 \n▷ 일간이 신왕하고 청기하면 난관을 극복하고 발복함 \n▷ 일주를 기준으로 적용하지만. 시주에 있을 경우에는 본인의 말년 또는 자식에게도 비슷한 작용이 발생 ​\n▷ 을묘(乙卯) 을유(乙酉) 무오(戊午) 무자(戊子) 기묘(己卯) 기유(己酉) 신묘(辛卯) 신유(辛酉) 임오(壬午) 임자(壬子)일주,,,\n
귀문(鬼門),\n▷ “귀신이 문으로 들어와 빗장을 잠근다”는 의미 \n▷ 빙의(憑依)현상 또는 무병(巫病)과 같은 정신질환의 일종으로 의학적 용어로는 공황장애(恐慌障碍)라고 함. 과거의 기억에 집착하여 부부싸움도 같은 패턴으로 반복 \n▷ 귀문관살이 있는 사람은 기억력의 달인으로 과거회상을 잘함 ​\n▷ 의견 불일치하면 상대방을 원망. 불평. 집요한 잔소리 \n▷ 진해(辰亥) 자유(子酉) 미인(未寅) 오죽(午丑) 신묘(申卯) 사술(巳戌)이 일지기준으로 연월시지에 있으면 강하게 작용 ​\n▷ 정신적 편향성으로 편집증적 기질. 일반인과 달리 명석하고 천재적 기질. 외부의 평판에 신경 쓰며 의도적으로 행동하면서 그 자체의 스트레스를 폭력적으로 풀려는 속성 ​\n▷ 영혼이 맑아 꿈으로 보는 예지력이 특출. 의처 의부증의 부정망상(不貞妄想)이 많고. 집요하고 광적(狂的) 기운이 태강하여 순간폭발을 잘하며 가끔 신들린 것처럼 행동 ​\n▷ 비범한 재능이 있어 문학과 예기 방면으로 가면 대성 ​\n▷ 변태성 히스테리성 발작 인격파탄증후군 정신이상증후 공주병 동어반복(同語反覆) 플라토닉러브 추구 등 ​\n▷ 비이성적 행동의 반복과 변덕이 심해 일관성 유지가 곤란 ​\n▷ 상대의 나쁜감정을 뇌리에 저장했다 귀가후 배우자 등에 폭력성 스트레스 해소. 감정기복의 롤러코스트 파동 ​\n▷ 귀문관살 부부는 신뢰를 바탕으로 인내심과 기다림이 묘약. 종교적 측면의 해결방법은 역효과 ​\n▷ 귀문은 주로 신약사주에 해당하며 오히려 신강사주의 귀문은 창의력과 영감을 불러일으키는 좋은 작용을 함,,\n▷ 여명의 경우 관성 운에서 귀문관살이 되면 부부별리 ​\n▷ 귀문관살의 여명은 남편의 행동을 기록하는 습관이 있음 \n▷ 여명의 신약명에 귀문의 관살혼잡은 주눅이 들어 기를 펴지 못함,\n▷ 특히 일지와 시지의 귀문이 남명은 재성이거나 여명은 관성일 경우 배우자가 변태적 성향이 있으며 배우자가 성불감증인 경우가 많음 \n▷ 남명의 귀문관살이 재성이 되거나. 여명의 귀문관살이 관성이면 배우자의 정신 횡포가 심함 ​\n▷ 귀문관살이 화개살과 동주하면 종교인 직업적성 ​\n▷ 인성이 혼잡되고 충형해파가 겹치면 신병(神病) 증세\n
금신(金神),\n▷ 을축(乙丑) 기사(己巳) 계유(癸酉)가 일주나 시주에 있을 때(巳酉丑 金局의 기운이 강함. 전부 甲子旬中 戌亥공망) \n▷ 총명강직하고 생활력이 강하여 어떤 환경에서도 굴하지 않고 역경을 헤쳐 나가는 유형으로. 목표 달성위해 초지일관(初志一貫)의 저력으로 종래 성취하는 인내력의 달인,,,\n▷ 월지 또는 시간이 화(火) 오행이 되거나. 또는 행운에서 화(火)운을 만나면 발복 \n▷ 특히 일시(日時)에 동주하면 군검경의 직무에서 능력 발휘하지만. 일지의 축(丑) 그룹은 칼(刀)을 다루는 직업군에서 대성 \n▷ 금신이 행운에서 충형해파 당하면 골절 및 수술수를 조심\n
금여(金與),\n▷ 임금의 어가(御駕) 및 귀족이 타던 금수레로 부귀공명의 길성. 또는 시집갈 때 타는 꽃가마의 의미로서 꽃가마살 이라고도 하며 금여록(金與祿)이라고도 함 \n▷ 갑진(甲辰) 을사(乙巳) 경술(庚戌) 신해(辛亥)일주 \n▷ 금여록 사주는 결혼운이 좋고. 각계에서 성공한 남자와 명문가 며느리에게 많음. 성공한 가문으로 재복이 많음 \n▷ 남녀 모두 용모에 귀티가 나며 배우자의 인덕이 있어 해로 ​\n▷ 일지나 시지에 있을 때 금여록의 기운이 강해짐 \n▷ 일간을 기준으로 여타 지지와 비교판단 ​\n▷ 일간 건록의 세 번째 지지(십이운성의 양간쇠지.음간욕지),\n▷ 남자의 경우 끊고 맺음이 분명한 보수적 성향. 미모의 착한 처와 인연하지만 아내가 고집이 있음 ​\n▷ 남명 금여는 미인들과 연애 및 인연 있고. 이별할 때 음독 및 자해는 물론 관재 등의 시끄러운 결별을 암시,,\n▷ 다만 행운에서 충형해파하거나 각각의 사주에서 귀문관살이 작용하면 금여의 부정심리가 발동하여 해로 불가\n
급각(急脚),\n▷ 월지를 기준으로 주중에 두 개의 지지가 중첩되면 작용함 \n▷ 인과응보설로 전생에 타인의 신체에 해를 끼친 업보의 살 ​\n▷ 사주에 급각살이 있으면 관절과 골격에 이상이 올 수 있으며. 특히 다리의 기능이 불편하게 되어 소아마비 반신불수 낙상(落傷) 신경통 신체기형 등의 질병에 취약 \n▷ 사주에 급각살이 있으면 골다공증 중풍 치아손상 견통 다리경련 등의 질환에 취약하므로 무리한 운동은 금물 \n▷ 행운에서 충형하면 급각살의 흉의가 배가되어 손상이 심함 \n▷ 시주의 급각살이 자식성에 해당할 경우 장애인이 될 가능성. 여타의 시주 십성은 뇌졸중 및 중풍 등의 뇌손상을 주의,,\n▷ 여명의 급각살은 산액과 생리통을 암시,\n▷ 해당 급각살에 십성 육친에 따라 부정심리 발생 ​ - 관성 또는 식상의 급각살은 자식에게 흉해가 미치며  - 재성 급각살은 배우자에게 부인병 및 산액의 흉살 ​\n▷ 일지 및 시주의 급각살은 아랫사람에게 하극상을 당할 수 있음 ​\n▷ 급각살이 없는 사주도 연운에서 급각살을 보면 흉화가 미침 ​\n▷ 목(木) 또는 수(水)가 태과한 사주도 풍한(風寒)이 많아 목수(木水)가 동결된 사주가 되어 급각 작용이 심함 \n▷ 미술축(未.戌.丑)월은 삼형의 달로서 그 자체만으로 급각의 흉살 작용함\n
낙정관(落井關),\n▷ 익사지환(溺死之患)의 익수살(溺水殺) \n▷ 수재(水災)에 의한 흉액 및 떨어져 다친다는 흉살. 그러나 과욕이 있으면 모략과 구설로 관재수가 있을것을 암시 ​\n▷ 주의력 결핍으로 낙상(落傷)과 타박(打撲)에 의해 쉽게 다치고 멍이 들므로 어린이는 아주 조심 \n▷ 특히 물로 인한 사고에 취약하므로 익수지환(溺水之患)은 물론 직업 선택에 있어서도 물(水)관련 사업은 지양 \n▷ 해당 일간의 사주가 낙정관의 일진을 만나도 잘 부딪치거나 넘어지는 사고수가 빈발 ​\n▷ 일간을 기준으로 시지 또는 행운을 대조하여 간명,,,\n▷ 낙정관의 행운에는 모함과 사기수가 있으므로 계약은 금물 \n▷ 낙정관의 천간이 재성 또는 관성일 경우 재물 또는 직업관련 일들에 흉화가 있음을 암시. 가령 무토(戊土) 일간이 시주 또는 행운에 서 묘(卯)를 보면 재관의 흉화를 암시\n
남연(男戀),,\n▷ 남명의 갑인(甲寅). 갑신(甲申). 정축(丁丑). 무신(戊申). 기축(己丑). 신미(辛未). 임인(壬寅). 계미(癸未)일주 \n▷ 대체로 일지(지장간)에 편재를 두는 경우로서 배우자 몰래 애인을 숨겨둔다는 의미,,\n▷ 일반적으로 아내 몰래 작첩(作妾)한다는 의미로 사용되고 있으나 그대로 적용하면 곤란. 다만 합(合)의 기운이 강한 가운데 도화살이 왕한 여명을 만나면 남연살 작용 \n▷ 특히 사주에 도화살이 왕한 여명이 남연살의 남명과 만나면 이성의 부정심리가 발동하여 대부분 해로불가의 흉운\n
뇌공관(雷公關),\n▷ 타뇌관살(打雷關殺) \n▷ 해당 일주는 벼락 전기감전 화재 연탄가스 교통사고 폭발사고 등의 사고수에 취약 ​\n▷ 병자(丙子) 무술(戊戌) 경인(庚寅) 계해(癸亥)일주 등 \n▷ 해당 일주는 관련 업무 및 직종 선택은 불리 \n▷ 각종 사고에 취약하므로 생명보험 및 상해보험 가입 필수,,,\n
단교관(斷橋關),\n▷ 월지를 기준하여 일지와 시지를 비교하여 정함 \n▷ 전생에 타인을 다치게 만든 사람이 업(業)을 씻기 위해 받는 고통 ​\n▷ 각종 사고수에 취약하며 특히 팔다리를 쉽게 다치고. 자칫 불구가 될수있는 살로서 급각살(急脚殺)과 비슷한 증상 ​\n▷ 특히 부잡스런 유년기에 조심해야 하지만. 어른의 경우에도 평상시에 팔다리에 경련성 쥐가 자주 나거나 잘 부딪치고 멍이 들게 됨 \n▷ 단교관살이 있는 사람은 대체로 타인을 모함하거나 거짓말을 잘하고. 뻔뻔한 행동을 태연하게 하는 습성이 있음 \n▷ 단교관 운에는 낙상 및 골절사고를 비롯하여 어깨 결림. 두통 혈압 중풍 등에 특히 주의해야 함,,\n▷ 단교관이 작용하면 신경이 예민해지므로 임산부의 경우는 기형아를 출산할 수도 있기 때문에 주의가 요망됨,\n
단장관(斷腸關),\n▷ 갑오(甲午) 을미(乙未) 병진(丙辰) 정사(丁巳) 기묘(己卯) 경인(庚寅) 계축(癸丑)일주 해당 \n▷ 대장(大腸)이나 소장(小腸) 등의 장 질환으로 수술 및 병적 증세에 취약 \n▷ 주로 단장관 일주의 경우 용신이 행운에서 합(合)으로 묶일 때 합화오행의 질병으로 수술수 따름 ​\n▷ 단장관 일주를 포함하여 여타의 일주에 있어서도 천간 또는 지지의 용신이 행운에서 합(合)으로 묶일 때 합화오행의 육친에 생리사별에 따른 이별의 수가 들게 됨,,,\n
대장군방위(大將軍方位),\n▷ 이전과 이사. 건축물 또는 축조물의 증·개축과 개·보수와 관련하여 해당하는 방위의 창업을 금하는 흉살 \n▷ 방합을 기준으로 간명. 방국(方局)의 기운을 생해주는 방향 또는 방합사고의 고장지가 대장군 방위,,,\n
도화(桃花),\n▷ 목욕살(沐浴殺) 함지살(咸池殺) 연살(年殺) 패살(敗殺) \n▷ 지지의 자오묘유(子午卯酉). 천간의 임임(壬壬) 또는 계계(癸癸)가 동주할 때 작용 \n▷ 예전엔 폄하. 지금은 대인관계 인기인 미남 미녀 사교적  \n▷ 순수 담백 연예인은 기본적으로 도화살이 있음 \n▷ 지지에 도화살이 없어도 운에서 오면 도화의 작용 강함 ​\n▷ 도화는 일간기준과 연지.일지기준의 두 가지 관점 \n▷ 일간기준 도화살은 12운성의 욕패(浴敗)에 해당 ​\n▷ 금한수냉(金寒水冷) 사주는 불감증 및 결벽증 기운이 있어 도화운의 작용이 미약함 ​\n▷ 연주와 월주는 장내.원내(牆內.院內)도화로서 부부상애(夫婦相愛). ​\n▷ 일주와 시주는 장외.원외(牆外.院外)도화로서 대외적으로 인기맨,\n▷ 남명의 도화살은 반항심 강하고 원망을 잘하는편. 특히 남명의 생일도화는 본처와 해로난망이고 여난으로 손재수,,\n▷ 인성(印星)도화는 연배 및 부모님같은 사람에게 연정 \n▷ 도화살이 충파(沖破)될때 도화의 기운이 부정심리로 작용 ​\n▷ 사주에 정관과 정인이 도화살과 동주하면 절제력 발동으로 도화의 긍정심리가 작용 \n▷ 도화가 식상과 동주하면 문학과 기예 또는 예술과 방송. 연예 방면에서 두각 \n▷ 도화가 편관과 동주하면 도화의 부정심리 발동 ​\n▷ 정관이 도화이면 반복 물상으로 칸트증후군. 공직자명 ​​\n▷ 년지도화-남명은 연상녀. 여명은 연하남 관심. 도삽도화(倒揷挑花)     월지도화-정상 인연에 관심 장내도화(牆內挑花)     일지도화-의처 의부증. 늦바람. 장외도화(牆外挑花)     시지도화-연하를 좋아하는 경향. 편야도화(遍夜挑花) ​\n▷ 곤랑(滾浪).나체(裸體).도삽(倒揷).편야(遍野).칠살(七殺)도화 분류 1) 곤랑(滾浪)도화는 간합지형(干合支刑)으로 천간이 상합되고 지지에 형(刑)과 도화가 상존한 경우. 병자(丙子)일주가 신묘(辛卯)시 또는 신묘(辛卯)일주가 병자(丙子)시를 볼 때와. 갑자(甲子)일주가 기묘(己卯)시 또는 기묘(己卯)일주가 갑자(甲子) 시를 볼 때이다. 이처럼 천간의 합과 지지의 도화형(刑)이 동주하면 동성애 등 색정의 극치로 부정심리 2) 나체(裸體)도화는 갑자(甲子).을사(乙巳).정묘(丁卯).경오(庚午).신해(辛亥).계유(癸酉)일주가 주중에 도화를보면 벌거 벗고 놀정도로 한량기를 보임. 두뇌회전이 빠르고 적극적인 일처리를 하는 특징이외에도 다분히 호색적 기질이 있음 3) 도삽(倒揷)도화는 ‘꽃을 거꾸로 꽂다’는 의미로서 연지(年支)가 도화일 때를 말하며. 남명은 연상녀. 여명은 연하남과 비정상적 인연에 관심을 갖는 유형 4) 편야(遍野)도화(=月下桃花)는 사주의 지지가 모두 자오묘유(子午卯酉)의 왕지로 구성되어 주색황음(酒色荒淫)의 의미가 있으며. 행운에서 만나도 음탕한 기질이 대두되고. 특히 시지가 도화인 경우를 편야도화라고도 하며 유흥업소 근무나 유랑(幼郞)과 인연 5) 칠살(七殺)도화는 을유(乙酉). 기묘(己卯)일주처럼 음간의 칠살도화는 칠살의 살기를 살인상생(殺印相生)으로 화살위권(化殺爲權)하거나. 식상제살(食傷制殺)로 제살제복(制殺制覆)해야 무난한 삶을 영위할 수 있는데. 자칫 바람기 있고 포악한 남편 때문에 고통 받거나 일찍 성폭력 등의 흉화를 암시하므로 조심해야 함\n
문곡귀인(文曲貴人),\n▷ 순수학문이 아닌 예술분야의 학문에서 두각을 나타내는 길성 \n▷ 이론을 이미지로 구체화하는데 발군으로 문학적 영감이 발달 \n▷ 예능 및 창조적 기예와 학문적 창의력 우수 \n▷ 일간을 기준으로 지지가 편인일 때 문곡귀인에 해당. 그러나 토금(土金)일간은 지지가 편관일 때 문곡귀인에 해당 ​\n▷ 문곡이 있으면 학문에 흥미가 많고 예술적 기예 또한 발전하여 창의적 재능을 유감없이 발휘 ​\n▷ 문곡이 있으면 다독(多讀)하며 학자 문학가 예술인 등의 교육적 직업적성 ​\n▷ 문창귀인의 충지(冲支)이며. 문창귀인과 함께 학계와 인연 ​\n▷ 학당귀인=양음간 모두 장생. 문곡귀인=양간장생. 음간병지. 문창귀인=양간병지. 음간장생.,,,\n▷ 문곡이 충형해파 또는 관살혼잡되면 길성의 기운이 감소\n
문창귀인(文昌貴人),\n▷ 북두칠성의 첫 번째 별로서 문창성(文昌星)이라고 함 \n▷ 지혜 총명하고 영민하여 순수학문에 관심 많고 기량이 출중함 \n▷ 논리적이고 이론적 학문에 능함. 향학열 뛰어남 \n▷ 수용성이 강하여 학문적 능력이 뛰어나지만 개인주의 성향 \n▷ 사주에 인성이 발달하면 예술방면에 출중한 능력발휘 \n▷ 문창귀인이 화개살과 동주하면 저술 및 사회사업에 성공 \n▷ 주중의 문창귀인은 해당 시기에 문학적 재능이 표출됨 \n▷ 일간을 기준으로 지지와 지장간의 식신(食神)과 연계 ​\n▷ 학당귀인=양음간 모두 장생. 문곡귀인=양간장생. 음간병지. 문창귀인=양간병지. 음간장생.,,,​\n▷ 문창귀인이 충형해파. 공망이 되면 학문의 중도좌절과 결과 부실로 신경과민과 정신질환 증세\n
반음(反吟),\n▷ 복음살(伏吟殺)과 더불어 흉살에 해당 ​\n▷ 반음(反吟)은 일주와 천충지충하는 원국 및 행운이다. 가령 갑오(甲午)일주가 경자(庚子) 운에 놓여있을 때를 반음이라고 한다. \n▷ 음(吟)의 어의가 ‘끙끙 앓다’는 뜻으로. 반음(反吟)은 ‘속앓이’ 해야 할 일로 신음하는 형상이다. 행운에서 도래하면 육친과의 흉화를 면하기 어렵다. ​\n▷ 반음(反吟)의 설기(洩氣)가 심하면 잔소리 및 잘삐짐으로 변덕스러운 성격. 다소 멍해지는 정신적 이완현상을 경험,,,\n
방위(方位),\n▷ 팔괘(八卦)의 방위는 정동(진震). 정서(태兌). 정남(리離). 정북(감坎). 동북(간艮). 동남(손巽). 서남(곤坤). 서북(건乾)으로 배치된다. 한편. 각각은 자연물을 표상하는데. 진(震)은 우레. 태(兌)는 연못. 리(離)는 불. 감(坎)은 물. 간(艮)은 산. 손(巽)은 바람. 곤(坤)은 땅. 건(乾)은 하늘을 의미한다. \n▷ 자강(自彊) 이석영(李錫暎) 선생은 『사주첩경(四柱捷徑)』에서 건곤방위의 관계를 천관지축(天關地軸)으로 설명하고 있다. 천관지축의 천관은 건방의 술해(戌亥)를 말하며 천문(天門)으로 서북지계(西北之界)를 지칭한다. \n▷ 지축은 미신(未申)을 말하며 지호(地戶)로서 남서지계(南西之界)를 의미한다. 천관지축은 사주의 지지에 천문의 술(戌)이나 해(亥)자 하나만 있어도 천관이 성립되는 가운데. 지호의 미(未)나 신(申)자 하나만 있어도 지축은 성립된다. 이렇게 천관지축이 성립하면 천지의 정기가 취합된 기취건곤(氣聚乾坤)으로 명진천하(名振天下)하고 달통(達通)하여 대귀한다고 본다. 다만 격국과 용신이 잘 구성되어 있는 가운데 천관지축을 보아야 길명이다. \n▷ 한편. 이사를 하게 되면 팔괘의 정방(正方)을 비롯해 측방(側方)으로 옮기게 된다. 그러나 정방으로 이사한 경우는 머지않아 다시 거처를 옮겨야 하는 경우가 많은데. 어느 경우가 되었건 당주의 삼합띠(일지)를 기준으로 관대(冠帶)의 월살방위와 묘(墓)의 화개방위. 양(養)의 천살방위와 쇠(衰)의 반안방위를 살펴 결정해야 한다.,,,\n▷ 그러나 각각의 방위에 따라 길흉의 득실이 엇갈리지만 일반적으로 쇠의 반안방위가 가장 길하므로 이동방향으로 정하면 무난하다. 고법의 맥락에서 띠를 기준하되 필자의 경우는 일지를 중요시한다. \n▷ 가령 당주의 일지가 묘목(卯木)인 경우 동남의 손방에 해당하는 반안방위로 이동하면 대체로 강녕수복(康寧壽福)하고 무난하다. 한편. 반대 방향인 건방의 서북 천살방위로 움직이면 생활 여건은 이전보다 좋아지지만 집안 윗분들의 안녕에는 문제가 발생한다. 천살방위는 황제남면(皇帝南面)의 제왕지좌(帝王之座)로서 어른들이 기거하는 곳이기 때문에 필연적으로 별리의 흉한 현상을 피할 수 없게 된다. \n▷ 참고로 천살방위에 자식의 방을 배치하면 불손한 자식이 되기 쉽고. 어른의 방을 배치하면 하극상의 기운을 잠재울 수 있다. \n▷ 그리고 월살방위로 움직이면 거개 후원성에 힘입어 타인의 수혜를 보게 된다. 아울러 화개방위로 움직인다면 당주의 사정이 좋지 않아 규모의 다운사이징(down-sizing)이 발생하거나 부모와 합거하는 형국이 된다.\n
백호(白虎),\n▷ 백호는 기문학(奇門學) 구성반(九星盤)의 구궁법(九宮法)에서 오황성(五黃星)의 중궁(中宮)을 이르는 말이다. 중궁은 태극(太極)으로 천지창조의 혼돈(Chaos) 상태이며 언제든지 폭발할 수 있는 무한 잠재력을 갖고 있다. 따라서 성격이 급하고 ‘피를 본다’는 혈광지사(血光之死)의 흉포함을 의미하는 악살(惡殺)이다. ​\n▷ 갑진(甲辰). 을미(乙未). 병술(丙戌). 정축(丁丑). 무진(戊辰). 임술(壬戌). 계축(癸丑) 간지가 일주를 기준으로 주중에 있을 때 강하게 작용함. 하지만 진술(辰戌)의 아수라. 축미(丑未)의 귀도 중에서 계축(癸丑)만 재성이 없음 ​\n▷ 강성기질 조급. 참을성이 부족. 감정표출. 자존심이 강. 간섭배제. 맺고 끊음이 분명. 추진력 폭발력 배짱 담백 과격성 ​\n▷ 백호의 기백으로 의외로 성공가도를 달리는 사람이 많음 ​\n▷ 백호는 기술성으로 보석세공. 불이용 공업계통 직업적성  \n▷ 백호살이 있으면 크게 망하거나 크게 성공함(굴곡 심함) ​\n▷ 평상심을 유지하고 성실하게 임할 때 백호운은 길운이 됨 ​\n▷ 백호일주는 동물을 잘 키우지 못하며 키워도 온전치 못함 \n▷ 백호살이 있으면 몸에 붉은 반점이 있을 수 있음(虎皮),,,\n▷ 백호살이 작용하는 시기의 백호 연운에는 매사 조심 \n▷ 백호의 지지가 충형당할 때 흉의(횡사)가 미침 ​\n▷ 연주백호-조상이 무업(巫業) 또는 횡사로서 굴곡 많은 삶   월주백호-육친이 무력하거나 박복하여 왕래가 없음   일주백호-분주다망하고 남 좋은 일만하여 유시무종의 삶   시주백호-자식이 무력하고 말년 고독한 삶 \n▷ 일지백호는 배우자백호로 가정이 평탄치 않고 배우자가 몸이 아프거나 결혼이 수월하지 않다. 생살여탈 업상이 아니면 일생 굴곡 \n▷ 비겁백호(戊辰)-부모유산 탕진. 형제불화. 반목. 이별. 질병 암시   식상백호(丙戌.丁丑)-여명은 산액. 남명은 쇠약. 처갓집과 소원   재성백호(甲辰.乙未)-부친 및 처의 횡액. 우울증 등으로 극단선택   관성백호(壬戌.癸丑)-남명의 신약명은 관재. 생리사별. 비명횡사\n
복성귀인(福星貴人),\n▷ 수복강녕(壽福康寧)을 의미하는 복성으로 부귀장수는 물론 명리(名利)가 따른다는 길성. 따라서 명예와 재물을 가늠하는 지표로 활용 \n▷ 해당 위치에 따라 시기적 복록을 추정하나 만년 팔자가 좋아야 한다는 의미에서 시주의 복성귀인을 최고로 평가. 횡재수에 강함 \n▷ 직업으로는 공적조직 등 큰 조직체와 연관하고 능력 발휘함 ​\n▷ 갑(甲)의 건록 인(寅)의 반대 방향으로 적용. 그러나 술해(戌亥)는 천문성에 해당하여 복성귀인이 없으므로 건너뜀,,,\n▷ 일간을 기준으로 복성귀인이 위치하는 지지의 시기에 발복하나. 천간과 복성귀인이 같은 주에 존재하면 작용력 배가 ​\n▷ 연주의 복성귀인은 조상 덕이 있으며(음덕). 월주의 복성귀인은 부모형제의 덕이 있고(음덕). 일주의 복성귀인은 자수성가하며(양덕). 시주 복성귀인은 말년 재복과 자식 복을 의미(양덕) ​\n▷ 복성귀인이 충형해파 또는 공망되면 허명으로 길한 작용 없어짐\n
복신(伏神),\n▷ 교신(交神).퇴신(退身) 다음에오고.진신(進神)전에 위치하는 신살로서 무인(戊寅) 계사(癸巳) 무신(戊申) 계해(癸亥)일주 \n▷ 무인(戊寅) 계사(癸巳) 무신(戊申) 계해(癸亥)일주가 동일한 간지를 행운에서 보게 되면 복신이 작용함(복음과 동일한 작용) \n▷ 복신(伏神)은 침체기를 맞아 엎드려 신음하는 의미로서 매사가 여의치 않아 일의 진척을 기대할 수 없음을 암시. 초조하고 불안함 \n▷ 복신일주는 기대한 만큼 만족한 결과를 볼 수 없고. 자칫 경솔하게 결정하면 후에 후회하는 일이 생김. 창업보다 수성이 중요함 \n▷ 교신(交神) 퇴신(退身) 복신(伏神)은 음양차착살과 동일,,,\n
복음(伏吟),\n▷ 반음살(反吟殺)과 더불어 흉살에 해당 \n▷ 복음(伏吟)은 일주와 동일한 원국 및 행운이다. 가령 갑오(甲午)일주가 갑오(甲午) 행운에 놓여 있을 때를 복음이라고 한다. \n▷ 음(吟)의 어의가 ‘끙끙 앓다’는 뜻으로. 복음(伏吟)은 피치 못할 사정으로 끙끙 앓고 신음해야 하는 흉운을 암시한다. 복음은 어느 쪽도 행운에서 도래하면 육친과의 흉화를 면하기 어렵다. \n▷ 복음(伏吟)이면 잔소리 및 잘 삐짐으로 변덕스러운 성향 \n▷ 특히 복음의 경우 정신문제를 일으키는데. 신기(神氣)를 발동하여 횡설수설한다든가 음식을 넋이 나간 사람처럼 게걸스럽게 먹는 등의 이상행동을 촉발한다. \n▷ 대체로 복음이 행운에서 동착하면 멍해지는 현상을 목도한다. 그러나 신강명은 흉화가 덜하다.,,\n▷ 아울러 여성은 강간 및 겁탈 등의 성폭행 등이 따르고. 또 본인 역시 성적 호기심이 강하게 발동하여 이성을 추구하기도 한다. ,\n
비인(飛刃),\n▷ 비인살은 양인살(羊刃殺)을 충하는 지지이다. 양인살은 음양간에 따라 십이운성의 제왕(帝旺)과 관대(冠帶)에 해당하지만. 이를 충하는 비인살이 들면 태(胎)와 묘(墓)지에 놓이게 되어 양인의 기운을 잠식함 \n▷ 양인의 기운과 달리 지구력과 인내심이 약화되어 매사 유시무종의 표본. 호기심이 왕성하여 일을 벌이기는 하지만 싫증과 포기가 반복되어 용두사미. 복수심과 반발심의 화신 \n▷ 양인의 기운을 표출하기보다 억제하려는 심리특성으로 욕구불만과 복수심 등이 내재되어 부정적 사고방식 \n▷ 한탕주의 심리가 있어 도박과 게임중독에 취약. 기예흥미,,,\n
삼살방위(三殺方位),\n▷ 겁살(劫殺) 재살(災殺) 천살(天殺)의 살이 낀 불길한 방위의 뜻으로 이사와 여행 그리고 건물신축 방향 등에 흉살로 작용 \n▷ 삼합을 기준으로 간명. 왕지의 충방이 삼살방위에 해당 ​\n▷ 태백살 대장군방위 삼살방위는 참고는 하되 맹신은 곤란,,,\n
삼재(三災),\n▷ 삼재(三災) = 천재(天災) 지재(地災) 인재(人災) \n▷ 팔난(八難) = 부모 형제 부부 관재 손재 주색 질병 학문 \n▷ 삼합(三合)띠의 생지의 충년(沖年)부터 삼재시작. 가령 인오술(寅午戌) 띠라면 생지의 충년인 신(申)의 신유술(申酉戌)해가 삼재 \n▷ 또는 삼합과 방합의 고지가 같은 해부터 삼재시작. 인오술(寅午戌)의 삼합 띠에 해당하면 고지의 술(戌)이 들어가는 방합의 신유술(申酉戌)이 삼재 \n▷ 시기에 따라 들삼재 눌삼재 날삼재. 길흉에 따라 악삼재 복삼재 \n▷ 무속의 개운방법은 자신의 옷을 태워 삼거리에 묻어두는 방법과. 들삼재의 입춘일에 동쪽을 향해 재를 올리는 방법과. 종이버선을 만들어 동쪽을 향해 걸어 두고 축원함. 날삼재에는 사람이 많이 모이는 곳을 피하고 정중동함(접신의 비술방책을 그대로 적용해서는 곤란) \n▷ 삼재를 막는 전통적 방법으로 매의 그림(鷹圖)을 방문 위에 붙이면 효험이 있다는 내용이 조선 후기의 실학자 이규경(李圭景)의 『오주연문장전산고(五洲衍文長箋散稿)』에 수록되어 있다. 또 조선 후기의 문인 유만공(柳晩恭)의 『세시풍요(歲時風謠)』에는 금계도(金鷄圖) 또는 머리가 세 개 달린 매 그림(三頭鳥)을 문에 붙여도 삼재를 물리치는데 도움이 된다는 기록이 있다. ​이러한 연유로 지금도 삼재의 액막이 부적법(符籍法)으로 노란색 종이에 붉은색의 경명주사로 삼두(三頭)의 매를 그린 이른바 삼두일족응부(三頭一足鷹符)가 삼재소멸부적으로 사용되고 있다. \n▷ 삼재살 연도의 동물형상과 그림 등을 없애고. 원진에 해당하는 물상과 그림으로 대체해도 개운방법 \n▷ 삼재살이 작용하는 연도라고 하더라도 시기분석과 실행분석으로 작용하는 월일을 정확하게 파악하는 것이 중요함,,,\n▷ 첫해(들삼재)는 가정 및 육친에 우환이 발생   둘째해(눌삼재 묵삼재)는 사업부진. 이성난. 직주이동. 관재구설   셋째해(날삼재)는 송사. 이별. 도난. 화재. 손재 등의 징표 남김 \n▷ 월삼재 참고(삼재시기에 연삼재와 같은 구조의 월삼재는 흉살) ​\n▷ 시기 적용에 있어서는 필자의 주관적 임상결과를 적용함   생지의 인신사해(寅申巳亥) 띠는 들삼재부터 날삼재까지 작용   왕지의 자오묘유(子午卯酉) 띠는 눌삼재부터 날삼재까지 작용   고지의 진술축미(辰戌丑未) 띠는 날삼재 기간만 작용 \n▷ 악삼재의 적용   생지의 인신사해(寅申巳亥) 띠는 생지의 들삼재가 악삼재에 해당   왕지의 자오묘유(子午卯酉) 띠는 왕지의 들삼재가 악삼재에 해당   고지의 진술축미(辰戌丑未) 띠는 고지의 들삼재가 악삼재에 해당 ​\n
상문조객(喪門弔客),\n▷ 상문살(喪門殺)과 조객살(弔客殺)로서 흉살에 해당 (상조살) \n▷ 상문살은 일지를 기준을 순행(順行). 조객살은 역행(逆行) 배열로서 지지를 기준으로 좌우의 지지가 한 개씩 빠진 배열이 원칙이지만 사지(四支)와의 관계에서도 파악 가능 \n▷ 주로 상가집 출입과 관련한 살로서 해당 행운에 상가 방문 자제 \n▷ 신병(身病). 우울. 허전하고 허무함. 넋이 나간 사람처럼 행동함. 급체 및 복통. 대인관계에서 구설 및 관재가 따름 \n▷ 상문살 행운에는 주로 윗사람과의 마찰로 구설이 따르는 반면. 조객살 행운에는 아랫사람과의 경쟁과 다툼으로 골치가 아픔 \n▷ 상문살 또는 조객살 행운에는 위축되고 소심해져 민감하게 반응하며. 무엇인가 잃어버린 듯 허탈감으로 답답한 상황이 연속됨. 그러나 주변 친인척이 상을 당하면 답답한 상황이 해소됨 \n▷ 부부관계 소원하고. 연인 이별수. 가족 이별수 \n▷ 연운과 일진을 참조하되 동착운에는 각별히 조심해야 함 \n▷ 격각살(隔角殺)과 비슷한 구조배열,,,\n
수옥(囚獄),\n▷ 재살(災殺)로서 겁살(劫殺) 세살(歲殺)과 함께 삼살(三煞) \n▷ 일지(日支)를 기준으로 다른 지지와 대조 \n▷ 지지 삼합의 왕지충에 해당(장성살과 충방)   인오술(寅午戌)→자(子) 신자진(申子辰)→오(午)   사유축(巳酉丑)→묘(卯) 해묘미(亥卯未)→유(酉) \n▷ 사소한 일을 크게 벌여 관재구설과 손재수로 재산을 탕진하거나 사고에 노출되기 쉬워 형무소 관련 횡액의 흉살 \n▷ 반면 군인. 경찰. 법조인처럼 감옥 관련 생살여탈권을 쥐는 직업 내지는 종교 및 역술업의 활인 직업은 피흉,,,\n▷ 신약사주에 재살이 기신이고 다른 흉신의 신살과 중첩되면 대흉. 신강사주에 재살관성으로 용신이면 군인 경찰 판검사 운명 \n▷ 수옥살이 수화(水火)에 해당하면 수해나 화재에 취약.  금목(金木)에 해당하면 폭력과 폭행으로 신체훼손. 토(土)에 해당하면 추락상(墜落傷)이나 전염병. 목(木)에 해당하면 교통사고 등의 사고로 뼈에 이상 \n▷ 연월지의 수옥살(재살)은 부모형제와 인연 박하거나 관재. 일지의 재살은 배우자와 인연 박하며 재물 손실을 예고. 시지의 재살은 자녀와 불화하며 질병과 양육에 곤란\n
신병(身病),\n▷ 과학적으로 설명할 수 없는 빈번한 신체적 정신적 교착상태에 의해 독특한 행동방식을 표출하며. 영육(靈肉)의 고통을 호소하거나 돌발행동 등으로 타자(他者)와 확연히 구별하게 하는 비이성적 오컬트(Occult. 신비주의) 현상 \n▷ 을사(乙巳) 을미(乙未) 기사(己巳)일주가 신병살의 대표로서 특히 일시에 동주하면 흉의 배증 \n▷ 신병살이 있으면 본인의 의지와 상관없이 육체적 상해(傷害)에 노출되어 큰 수술을 하거나. 정신적 교란에 의해 접신(接神)의 영역에 용이하게 노정 ​\n▷ 신병살이 있으면 무병(巫病)에 취약하여 시름시름 앓거나 신력(神力)에 의해 심한 영육의 고통을 느낌. 신내림을 받는 사람. 즉 무업(巫業)의 대부분이 이 경우에 해당 \n▷ 강신무(降神巫)는 신병살에 의한 무업으로 세습무(世襲巫)와 차별. 무업(巫業)은 종교 및 기예의 끼를 가진 자로서 무당 등의 종교 직업적 관점에서만 판단하면 곤란 ​\n▷ 신병살이 있는 사람은 기본적으로 역마의 기질이 있어 육신을 움직여야만 고통이 해소 \n▷ 교파를 초월하여 종교에 심취하거나 신심이 깊은 사람도 신병살이 작용 ​\n▷ 신병살이 있으면 가정환난 부부무정 부부별거 성격장애 타인배타(他人排他) 육친흉사 해로불가 정신질환 공황장애 우울증 조울증 수술장애 파란만장 환청환영 \n▷ 광의의 신병살 종류는 곡각 귀문관 화개 고란 과숙 육해 평두 현침 형살 등이 있으며. 이러한 신병살이 사주에 동착하면 흉의가 배증,,,\n
십악대패(十惡大敗),\n▷ 장사(葬事) 지내는 일 이외는 모두 흉하다는 일진 ​\n▷ 일간의 건록(建祿)이 공망 자공(自空) 체공(体空) 무록일(無祿日)로서 특히 무술(戊戌) 계해(癸亥)는 간여지동 공망이며 지지의 성정이 우선하여 표출됨 \n▷ 흉사가 크고 적에게 패배하며 손재가 따르므로 사업 확장에 불리. 유시무종 일득삼실 심신피로 자모자패 모사불성 사고 무질서 ​\n▷ 생살여탈 및 활인업 등의 업상대체하면 피흉 \n▷ 출산 이사 혼인 등의 택일에 절대 피해야 할 일진 \n▷ 십악대패일생은 만혼(晩婚)하며. 조혼(早婚)하면 해로불가 \n▷ 연주(연운)과 일주(일운)이 상충하고 일간공망(무록일) 庚戌년甲辰일. 甲辰년戊戌일. 甲戌년庚辰일. 乙未년己丑일. 乙亥년辛巳일. 丙寅년壬申일. 丁巳년癸亥일. 辛亥년乙巳일. 壬寅년丙申일. 癸巳년丁亥일 \n▷ 병신(丙申)과 기축(己丑)은 일간 건록의 공망으로 보지 않아 제외함. 다만 진사(辰巳) 공망은 토(土)공망. 오미(午未)는 화(火)공망,,,\n
암록(暗祿),\n▷ 일간기준으로 건록일지와 지합하는 지지(지지육합) \n▷ 총명. 영민. 선천재능이 있어 개척정신과 창조성 우수 \n▷ 암록의 위치에 따라 해당 시기에 복록이 끊이질 않고. 의식에 궁함이 없음. 특히 금전운이 대길 \n▷ 명예가 높아지고 의외의 행운이 따르고 흉운이 길운으로 전환 \n▷ 후원성이 있어 귀인의 도움으로 난관극복하며 발흥기회 \n▷ 암록이 충형. 공망되면 길신작용 난망,,,\n
양인(羊刃),\n▷ 양인(羊刃)은 양을 잡는 칼. 양인(陽刃)은 빛나는 칼 \n▷ 갑병무경임(甲丙戊庚壬) 양간양인은 사왕지 자오묘유(子午卯酉)의 제왕에 좌하고. 을정기신계(乙丁己辛癸) 음간 양인은 사고지 진술축미(辰戌丑未)의 관대에 좌함(서자평의 『연해자평』에서 분명하게 정의하고 있음) \n▷ 양간양인살을 양인살로 지칭하므로 음간양인살은 양인살에서 제외함. 다만 음인음인살은 음간이 지지의 제왕을 보는 정사(丁巳). 기사(己巳). 계해(癸亥)일주임 ​\n▷ 양간양인살일 때 변화와 변동의 스케일이 크지만. 음간양인살은 자존심과 선민성이 강하고 기예와 학예에 관심(그러나 음양간 양인살은 어떤 분야의 최고가 되려는 노력가) ​\n▷ 양인살이 있는 주중에 따라 해당 육친의 인연과 덕이 박함 ​\n▷ 양인살이 있는 사람은 목표의식이 분명하고. 의지력과 투지력이 강하여 역경을 잘 극복함. 리더십과 카리스마가 있어 지도자 및 영웅의 면모를 표출. 모든 일을 자신이 도맡아 해야 직성이 풀림 ​\n▷ 성정이 너무 강하고 자기중심적이며 독선적 아집과 외골수적 기질로 타협을 불허. 집요하고 끈기 있음 \n▷ 양인살이 많은 사람은 수술수. 몸에 칼자국. 눈꼬리 매서움 ​\n▷ 정치인 군인 경찰 검찰 의사 간호사 관세사 감사원. 세무직 등의 공직과 무당. 정육점. 장의사. 무도장 등의 업종은 양인살 피흉,,\n▷ 여명에서 양인살이 중첩되면 음난지상(淫亂之像),\n▷ 양간양인 가운에 일주가 임자(壬子). 병오(丙午). 무오(戊午) 간지를 일인(日刃)이라 하여 양인살의 의미가 가중(양인격. 일인격) ​\n▷ 일주를 중심으로 주중에 중첩하면 양인살 기운 배증 ​\n▷ 십성의 겁재(劫財)와 비슷하나. 겁재와 동주하면 배증 ​\n▷ 겁재와 식상이 양인과 동주하면 안하무인. 오만불손. 무례 ​\n▷ 신강사주에 양인이 있으면 극부극처(剋夫剋妻). 파란만장 \n▷ 사주의 합충형된 양인이 행운에서 합충형을 만나면 대흉 \n▷ 양인가살(羊刃駕殺) 사주에서 양인이 편관을 보는 가운데 청하고 유력하면 고위공직 및 의료 직업으로 부귀공명(위맹지상威猛之象). 양인살은 편관을 보아야 길함. 단 충형해파 되지 말아야 함 \n▷ 양인가살은 양간이 강하면 편관으로 극하고. 음간이 강하면 설해야 좋음 ​\n▷ 양인이 식상을 보지 못하면 유시무종의 노다공소(勞多功少) \n▷ 월주의 양인살은 양인인격으로 재관(財官)이 강해야 길함 \n▷ 목(木)양인-경쟁심. 투기성. 이재성. 강맹. 진취적. 혼자 설침   화(火)양인-다혈질. 자존심. 바른말. 주도권. 다변. 튀는 행동   토(土)양인-집요. 깐깐. 계산적. 구두쇠. 물고 늘어짐. 험구   금(金)양인-공명심. 임전무퇴. 복수심. 표독. 무모함. 깐깐. 불화자초   수(水)양인-오리무중. 사술. 주도권다툼치열. 폭발력. 암중모색\n
여연(女戀),,,\n▷ 여명의 을축(乙丑). 병신(丙申). 정축(丁丑). 기미(己未). 경인(庚寅). 신미(辛未). 임인(壬寅). 임신(壬申)일주로서 지장간의 편관칠살이 작용 \n▷ 고집스럽고 기가 센 남편 때문에 지속적으로 부부갈등 야기됨 \n▷ 여연살이 있는 여성은 배우자 몰래 애인을 숨겨두고 치정한다는 의미로서 갈등의 소지를 암시. 특히 여명의 애인은 폭력적이고 영육에 이상이 있는 경우가 많으므로 주의해야 함,\n
원진(怨嗔),\n▷ 주로 겉궁합(연지비교)의 척도로 활용(속궁합=일주비교) \n▷ 일지 기준으로 진해(辰亥) 유인(酉寅) 자미(子未) 오축(午丑) 신묘(申卯) 사술(巳戌)이 붙어있을 때 강함 \n▷ 원진은 지지의 충과 전후(前後) 관계로 연결되고. 동시에 충은 지지의 상호 순차적 관계에도 놓인다. 그래서 원진은 지지의 순차적 관계를 깨는 충의 결합체이기 때문에 애증(愛憎)의 교차가 심함 ​\n▷ 원망하고 화내는 의미. 만나면 소원하고 헤어지면 그리움. 대인관계 불화하고. 경거망동하여 시비와 구설수 따름 ​\n▷ 남탓.집착.참지못함. 자신은 손해봐도 자존심때문에 말못함. 그러나 서운함을 배우자에게 전가하여 싸움. 상호비하 ​\n▷ 사주에 원진살이 있으면 광대뼈가 돌출되고 무례. 음성 탁한 편 \n▷ 용↔돼지(용은 자신의 못생긴 돼지코를 싫어함)   닭↔호랑이(흰빛의 서백西白에 해당하는 닭 울음소리 싫어함)   쥐↔양(쥐는 양의 똥을 싫어함. 묻으면 털이 빠짐)   말↔소(소는 말의 게으름을 싫어함)   원숭이↔토끼(토끼 눈과 같은 원숭이 궁둥이를 싫어함)   뱀↔개(허물을 벗다 죽을 정도로 개 짖는 소리를 싫어함) \n▷ 직방살(直方殺)과 불혼개폐살(不婚開閉殺)을 참조,,,\n▷ 월지와 일지의 원진살은 부모형제와 원망 \n▷ 일지와 시지의 원진살은 자식과 인연 없고 박복 ​\n▷ 행운에서 원진을 만나면 재물손괴 및 직업중단수가 있고. 사고대운이 원진이면 목숨이 위태로움에 처함 ​\n▷ 일의 진척이 더디고 꼬이며. 귀문관살과 동주하면 배가 됨 \n▷ 원진 도화살은 자만심. 강자에 약하고 약자에 강함. 아부. 경망 \n▷ 연지원진-편두통. 견통. 뇌출혈. 오십견. 인후병. 이비인후질병   월지원진-흉부통증. 심장병. 위장병. 장기질환. 호흡기질환   일지원진-전립선. 생식기질병. 산액. 성기능약화. 요실금   시지원진-골다공증. 하체부실. 하지정맥. 체력쇠약. 몸이 마름\n
월덕귀인(月德貴人),\n▷ 인덕(人德)과 매사순성(每事順成)으로 부귀공명의 길성. 천덕귀인과 더불어 이덕귀인(二德貴人) \n▷ 혼인궁합 등 택일 등에서 우선시하는 길성 \n▷ 월덕귀인이 청기하면 음덕(蔭德)은 물론 건실한 삶을 지향하며. 처덕과 인덕이 많아 매사가 원만하게 이루어짐 \n▷ 월덕귀인이 있으면 대체로 심성이 반듯하고 다정다감 \n▷ 재운이 좋아 일시적 굴곡이 있어도 부귀공명하게 됨 \n▷ 월덕귀인과 해당지지를 십성 비교하여 긍부정 심리 적용 ​\n▷ 월지기준으로 주중의 천간과 대조분석,,​\n▷ 여명의 천덕귀인은 좋은 배우자와 가연(佳緣). 귀자(貴子) ​\n▷ 여성은 성격이 온순하고 정조관념이 있고 현모양처 유형,\n▷ 천덕귀인과 동주하면 일생 호의호식하고 흉사를 면함 \n▷ 월덕귀인이 용신이거나 용신과 동주하면 대길 \n▷ 월덕귀인이 중첩되거나 흉신이면 길성작용 기대난망\n
유하(流霞),\n▷ 멀리 흐르는 물처럼(流‘흐를 유’. 霞‘멀 하’) 한 곳에 정착하지 못하고 떠돈다는 의미. 역마살과 달리 유하살은 새로운 것을 찾아 방랑하려는 기운 \n▷ 사주에 유하살이 있으면 다재다능하고 팔방미인이어서 인기맨으로 통함. 문장이 수려하고 재기발랄함 \n▷ 쉽게 싫증을 느끼고 지속성이 없으며 이동이 심하여 고독 \n▷ 유하살에는 재물이 일순간 없어지며. 중풍병에 취약 \n▷ 유하살이 있으면 멀리 있는 사람과 배우자 인연되기 쉬움 \n▷ 일간을 기준으로 주중의 지지와 비교,\n▷ 특히 경진(庚辰). 신묘(辛卯)일주의 남명은 객지에서 곤곤한 생활할 수 있고,\n▷ 특히 경진(庚辰). 신묘(辛卯)일주의 여명은 산액으로 고생할 수 있음,\n
육수(六秀),\n▷ 병오(丙午) 정미(丁未) 무오(戊午) 무자(戊子) 기미(己未) 기축(己丑)일주가 해당 \n▷ 십성의 편재(偏財) 성정과 비슷한 기운으로 두뇌회전력이 뛰어나고. 만능요령꾼으로 재치가 있으며 조급한 성격 \n▷ 이재성이 뛰어나 계산적이며 실리적. 선동성과 독단적 기질 \n▷ 이해타산과 이기적이나 마음이 동하면 한없는 인정을 베풀기도 하지만 성격변화가 심해 동업은 유지 곤란 \n▷ 부화뇌동에 의해 순간판단으로 업무를 처리하여 후일 후회함,,,\n
음양(陰陽),\n▷ 남명의 병자(丙子). 여명의 무오(戊午)일주에 해당 \n▷ 납음오행(納音五行)의 정음(正陰)에 속하는 병자(丙子)와 정양(正陽)에 속하는 무오(戊午) \n▷ 음양살이 있으면 남녀 모두 인물이 좋고 달변이며. 호감도가 높아 이성으로부터 관심의 대상이 되어 연애운이 좋은 경우를 말함 (색정으로 일생을 망친다는 등의 속설은 잡설) ​\n▷ 설령 일탈하더라도 가정에서는 일체 흔적을 남기지 않을 정도로 치밀함을 유지함. 가령 배우자에게 더욱 헌신하고 최선을 다하는 모습을 보이며 은폐함,,,​\n▷ 음양살이 원진 또는 도화살과 합작하면 음란성이 배가됨. 다만 도화살과 합작하면 연예인 같은 끼를 발산하므로 기예의 직업으로 성공함\n
음양차착(陰陽差錯),\n▷ 음착(陰錯)과 양착(陽錯)의 둘을 합하여 음양차착이라 함 \n▷ 음양차착살은 배우자 관계 및 배우자의 친인척 등과 얼마만큼 좋은 인연이 될 수 있는지를 가늠하는 척도 \n▷ 일주에 음양차착살이 있을 때만 적용. 일주기준으로 중첩되면 작용 배가. 음착살이 양착살보다 부정심리가 강함 \n▷ 음양차착살이 있으면 배우자 및 배우자 집안 덕 기대 난망 \n▷ 경제적 발흥이 더디고. 처가(妻家)나 시가(媤家)에 부정심리 \n▷ 양착살은 직접적으로 불만을 표출하며. 음착살은 불만을 쌓아 두고 반전의 기회를 노림 ​\n▷ 진신(進神) 교신(交神) 퇴신(退身) 복신(伏神)에 해당함,\n▷ 남명은 아내에게 만족하지 못하고 고독감으로 일탈이 용이하며. 또는 처가와 시비가 잦아 왕래가 끊김 \n▷ 양착의 남명은 처가 덕을 기대하기 곤란함 \n▷ 음양차착살의 남성은 욕정이 강함,\n▷ 여명은 남편에게 불만이 많고 외로움을 느껴 일탈하기 쉽고. 또 시댁의 눈 밖에 나는 행동으로 절연 \n▷ 음착의 여명은 시댁 덕이 없고 \n▷ 음양차착살의 여명은 대체로 용모가 곱고,\n
음욕(淫慾),\n▷ 일명 욕망살(慾望殺)로서 일지 배우자궁에 비견이 자리하여 간여지동처럼 배우자를 배척하고 이성을 동경하는 기운 \n▷ 음성적 호기심이 강하고 색정적 기질이 강한 경우를 의미하나. 원초적 건강함의 바로미터로서 생명보존의 원동력 ​\n▷ 음욕살이 있는 사주가 건강문제 등으로 음욕을 해결하지 못하면 관음증 및 변태적 성향 \n▷ 음욕살은 기본적으로 자신과 기(氣)가 맞는 경우에만 강한 성적 호기심을 느끼지만 그 외엔 불감증이거나 무덤덤한 편임. 하지만 자신과 맞는 이성적 상대를 끊임없이 동경하므로 부부갈등 원인 ​\n▷ 다만 음욕살(욕망살)은 남명에겐 진취적 발상의 근원이나. 여명에겐 질투심이 강하고 원망을 잘하여 구설,\n▷ 음욕살이 중첩되면 남명은 정상적인 부부관계 유지가 곤란하여 해로 불가,\n▷ 음욕살이 중첩되면 여명은 일부종사 불가하며.,\n
음인(陰刃),\n▷ 정사(丁巳) 기사(己巳) 계해(癸亥)일주 \n▷ 일간(음간)이 사생지의 제왕지에 놓이는 것을 말함 \n▷ 양인살은 일간의 극왕한 기운이 정신적으로 표출된 살이라면. 음인살은 기술적으로 발현된 직업성을 의미함 \n▷ 양인살은 불화와 반목. 파괴와 이탈. 대립과 갈등. 스케일이 큰 반면. 음인살은 주관 확고. 자립심. 자존심. 정체성 분명. 생존의지가 강한 특성을 나타냄(양인살보다 훨씬 부드러움) ​\n▷ 양인살의 직업은 군검경. 의료. 생살여탈을 다루는 직업. 음인살의 직업은 칼 가위 전기불꽃 공업기술 디자인 섬유 컴퓨터 등의 기술직과 무용 기예 역학 등 직업적성 \n▷ 음인살이 기신으로 흉신이면 양인살의 흉포성이 표출됨,,,\n
의처의부(疑妻疑夫),\n▷ 일주 또는 일간 대비 암명합 구조 \n▷ 의학적 용어로 부정망상(不貞妄想 Infidelity delusion). 셰익스피어의 ‘4대비극’ 중 오셀로증후군(Othello syndrome) \n▷ 원국에 합이 많거나 일간이 암명합하는 구조는 대체로 다정다감하며. 의부.의처증이 있는 편. 일탈유의. 이혼곤란 ​\n▷ 부정망상은 배우자가 불륜을 저질러 자신이 피해를 받고 있다고 비합리적으로 생각하는 일종의 정신병으로서 불치병을 뜻함. 대개 본인의 과거행적을 통해 상대방도 의례 그럴 것이라고 추측 단정함 \n▷ 진정으로 상대방을 이해하는 것이 중요하나 대부분 정신병적 증상으로 발전하여 치유가 불가능하므로 이혼하는 경우가 많음 \n▷ 배우자에게 집착하고 행실을 의심하여 끊임없이 괴롭힘 ​\n▷ 감정적으로 한번 틀어지면 관계회복 곤란할 정도로 악화 ​\n▷ 남녀 모두 일주를 기준으로 분석하며 중첩되면 배증,의처 (남자) 甲午 丙戌 戊辰 庚辰 壬戌,의부 (여자) 乙巳 丁亥 己亥 辛巳 癸亥,\n
이방(移方),\n▷ 이방살(移方殺)은 태백살(太白殺)로서 원래 의미는 서방의 금기(金氣)로 상징되는 숙살지기(肅殺之氣)로서 생기(生氣)를 제거하여 고독과 병마에 시달리는 빈천지명의 흉살로 취급한다. 그러나 최근에는 신살의 본래 의미보다 이사와 여행 등의 길한 방향을 찾기 위한 기제로 응용된다. \n▷ 이렇게 태백살의 용도가 변화하게 된 기저에는 무속인들의 살풀이용 경문이라 할수있는 『백살제해경(百殺除解經)』 의 내용이 한 몫 한 듯 보인다. 책 내용에 “---일일이일 동방살. 삼일사일 남방살. 오일육일 서방살. 칠일팔일 북방살. 구일십일 중앙살---”이라는 구절이 등장하는데. 중앙의 음력으로 구일과 십일이 흔히 이사의 길일로 간주되어 ‘손 없는 날’로 취급된다. 무손일(無損日)로서 상천일(上天日)이라고도 한다. \n▷ ‘손’의 개념은 확실하지 않지만 추측해 보면 ‘손해를 끼치는 귀신손님’이라는 뜻에서 손(損) 내지는 객(客)의 의미를 담고 있을 것이라 사료된다. 어쨌든 태백살은 음력을 기준으로 한 방위에 이틀 간격으로 머물며 팔방으로 움직인다. \n▷ 일반적으로 음력일의 ‘0’과 ‘9’의 수가 있는 날을 길일로 보는 경향이 있으나 해당 방향이 태백살의 일자와 겹치지 않는다면 어느 방향도 무난하다. 가령 정동으로 이사한다면 아래 도표에서 보는 것처럼 음력 1일. 11일. 21일의 날짜만 피하면 되는 것이지 굳이 0일과 9일의 날을 고집할 필요는 없다. <태백살 조견표> 정동 1. 11. 21일 (음력)  동남 2. 12. 22일 (음력) 정남 3. 13. 23일 (음력)  남서 4. 14. 24일 (음력) 정서 5. 15. 25일 (음력)  서북 6. 16. 26일 (음력) 정북 7. 17. 27일 (음력)  북동 8. 18. 28일 (음력) 중앙 (손 없는 날)  9. 19. 29. 10. 20. 30 (음력),,,\n
이전최화(利剪摧花),\n▷ 기문둔갑(奇門遁甲) 천간대조법 \n▷ 이전최화(利剪摧花)-‘날카로울이’(利).‘자를전’(剪).‘꺾을최’(摧).‘꽃화’(花)로서 날카로운 금속으로 꽃을 자르고꺾는 형상 ​\n▷ 을목(乙木)은 신체구조상 뇌(腦) 및 치아(齒). 허리(腰)를 상징하므로 신금(辛金)의 바늘과 경금(庚金)의 둔탁한 쇠뭉치로 해당 신체 부위를 치는 자형 ​\n▷ 반드시 보험가입이 필수. 그러나 활인업 및 의료업를 비롯하여 살생대권처럼 센 직업 등에 업상대체하면 피흉함 \n▷ 을유(乙酉) 기묘(己卯)일주처럼 칠살도화(七殺桃花)는 칠살의 살기를 살인상생(殺印相生)으로 화살위권(化殺爲權) 하거나. 식상제살(食傷制殺)로 제살제복(制殺制覆)해야 영육이 편안함,,,\n▷ 을목(乙木) 일간이 주변의 금기(金氣)에 의해 심하게 극설 당하면 정신적으로 편두통 및 정서불안에 일어나 불면증과 충동적 행동에 시달릴 수 있고. 육체적으로 신경계를 비롯하여 치아 및 간장 질환 등의 증세에 취약함 ​\n▷ 특히 백호살이 중첩되면 간질병과 뇌질환 증세에 취약\n
일귀(日貴),\n▷ 사주의 일주가 천을귀인을 보는 것 \n▷ 정화(丁火)일간이 밤에 태어나면 야귀(夜貴)라 하여 주귀(晝貴)보다 귀명. 반면 계수(癸水)일간이 낮에 태어나면 주귀(晝貴)라 하여 귀명 \n▷ 정유(丁酉) 정해(丁亥) 계묘(癸卯) 계사(癸巳)일주로서 천을귀인 일주 중에서도 네 개를 일귀 일생이라고 함 \n▷ 후원성이 강해 곤경에 처할 때마다 귀인의 도움으로 구제 받는 천우신조의 길살 \n▷ 여명의 일귀는 미모이면서 심성이 곱고 착해 호감 인상 \n▷ 충형해파 및 공망이 되면 길신작용 기대난망,,,\n
일덕(日德),\n▷ 일덕(일)은 일귀(일)과 마찬가지로 평화와 자비의 날로서 매사 순탄하고 순성(順成)하여 손(損)이 없는 길명(날) ​\n▷ 일덕(일)은 갑인(甲寅) 병진(丙辰) 무진(戊辰) 경진(庚辰) 임술(壬戌)일주(일)에 해당 \n▷ 갑(甲)은 인(寅)의 건록. 병(丙)은 진중(辰中)관성. 무(戊)는 진중(辰中)재성. 경(庚)은 진중(辰中)재인. 임(壬)은 술중(戌中)재살인이 모두 있음 ​\n▷ 일주 일덕은 인정스럽고. 사상건전. 자수성가. 진취적 기상. 중생을 계도하고 계몽하는 통솔력. 자비심. 재복 \n▷ 암록이 길성으로 작용하나 충형해파를 만나면 기대난망,,,\n
일인(日刃),\n▷ 음양간 양인살 가운데 양일(陽日) 일생 일주가 양인에 해당되는 것을 말하며 양인 작용이 강함(일인격日刃格. 양인격羊刃格 사주라고 함) \n▷ 임자(壬子) 병오(丙午) 무오(戊午)일주 \n▷ 십이운성의 제왕(帝旺)지로 권력과 형(刑)을 주관하는 성분 \n▷ 일관된 목표의 명확성. 극난극복. 일도양단. 자신감. 경쟁심. 독불장군. 자기중심적. 외고집의 성향으로 마찰과 구설수 ​\n▷ 경쟁구도에서 생존할 수 있는 기운이 강하고 시비수가 상존 ​\n▷ 배우자를 극하고 사고나 조난 등에 취약,,,\n▷ 칠살(七殺)이 함께하면 살생대권을 쥐는 지도자의 사주 \n▷ 신약사주에서 일인일(日刃日)은 일간의 길신으로 작용\n
장군부(將軍附),\n▷ 죄를 지으면 그 대가를 치르게 된다는 흉살로서 자암살(紫暗殺)이라고도 하며. 예전에 장군들이 죽인 병사들의 원혼이 작용하여 흉기 또는 사고수로 몸에 큰 수술 및 상처를 남길 수 있다는 악살 \n▷ 병오(丙午) 정미(丁未) 무오(戊午) 기미(己未) 임자(壬子) 계축(癸丑)일주 ​\n▷ 장군전 또는 장군부살이 있으면 용맹하여 두려움을 모르고. 일종의 편집증적 아집으로 좋아하는 것에만 몰두하려는 성향. 아울러 고수익 고위험의 도박적 기질이 있어 베팅 심리가 강함 ​\n▷ 군인 경찰 사법 등의 직업을 가지면 피흉하고 명예획득 \n▷ 양인살과 음인살의 구성 원리와 동일,,,\n▷ 장군살 일주에 화(火) 또는 수(水)가 태과하여 일간이 불 또는 물에 빠진 사주는 빙의(憑依) 현상 즉. 공황장애(恐慌障碍)로 조울증에 시달리는 경우가 많아 접신에 따른 무속인이 될 수도 있음 ​\n▷ 장군전 또는 장군부살이 충형하면 갑작스런 사고로 수술수\n
재고귀인(財庫貴人),\n▷ 지지에 재의 사고를 깔고 있어 부귀하게 된다는 길신 \n▷ 갑진(甲辰) 병술(丙戌) 정축(丁丑) 무술(戊戌) 기축(己丑) 신미(辛未) 임술(壬戌)일주. 또는 일간의 해당 지지 및 행운 \n▷ 출신이 빈천해도 자기 대에 부귀 발전하여 공명을 달성 \n▷ 사고(四庫)의 진술축미(辰戌丑未) 가운데 진술(辰戌)은 아수라도(阿修羅道). 축미(丑未)는 귀도(鬼道)로서 어느 쪽도 북새통을 연상하게 하는 투기성 발복을 통해 재물 축적하는 것이 재고귀인의 특성임 \n▷ 특히 축미(丑未)는 유축합(酉丑合)과 묘미합(卯未合)으로서 동서(東西)의 대칭합이자 귀신의 길(鬼道)이기 때문에 사업방향을 선택 때 피해야 한다. 특히 학생의 공부방 동선이 귀도에 놓이면 공부에 방해가 있다. 그러나 활인종교업은 귀도의 동선에서 발복한다.,,,\n
정록(正祿),\n▷ 12운성의 건록(建祿)에 해당하며 행복과 복록을 의미 \n▷ 일간의 건록지에 해당하며 지장간의 본기 암장을 말함. 사고(四庫)의 진술축미(辰戌丑未)는 방위상 간방(間方)에 해당되어 제외하고. 토(土) 일간은 화토동법(火土同法)에 의해 사오(巳午)를 정록으로 삼음 ​\n▷ 갑인(甲寅) 을묘(乙卯) 경신(庚申) 신유(辛酉)일주를 정록이라고 함 \n▷ 사주가 청기한 가운데 정록이 있으면 관록과 의식주가 풍요하고. 위인이 건전하고 자립심이 강하여 자수성가함 \n▷ 대체로 정록이면 부모의 유산을 받지 못할 가능성이 높음 \n▷ 정록이 충형해파 하면 무망하며. 사지(四支) 정록이면 흉성,,,\n
직방(直方),\n▷ 직방살(直方殺)은 궁합을 볼 때 참고하는 살이다. 이는 각각의 해당하는 주중의 지지가 원진관계에 놓인 경우를 말한다. 각각의 연지와 연지. 월지와 월지. 일지와 일지. 시지와 시지가 원진이면 해당 육친궁은 물론 건강에도 흉화가 크기 때문에 피하는 것이 좋다. \n▷ 근묘화실(根苗花實)의 육친궁에 따라 연지의 원진은 부모. 월지는 형제자매. 일지는 배우자. 시지는 자식과의 관계가 나빠진다. 그럼에도 직방살 궁합은 묘하게 끌리는 작용에 의해 주위의 만류에도 불구하고 합일하나 결과는 기대난망이다. \n▷ 특히 직방살 중에서도 월지궁합이 원진관계에 놓인 것을 가장 꺼리므로 ‘하늘조차 인정하지 않는다’하여 불혼개폐살(不婚開閉殺)이라고 한다. 불혼개폐살 궁합은 결혼뿐만 아니라 사업파트너. 금전거래처. 교우관계. 이성 관계에서도 나쁜 결과를 미치기 때문에 피해야 한다.,,,\n
진신(進神),\n▷ 60갑자를 사계절의 순환과 비교하여 15위마다 4등분하면. 각위의 처음에 해당하는 60갑자를 진신이라고 함 \n▷ 갑자(甲子)는 1위. 기묘(己卯)는 16위. 갑오(甲午)는 31위. 기유(己酉)는 46위로서 진신이 됨 \n▷ 갑오(甲午) 갑자(甲子) 기묘(己卯) 기유(己酉)일주로서 교신(交神) 교신(退身) 복신(伏神)이 끝나면서 시작되는 육십갑자 \n▷ 자신이 좋아하는 일에만 전력. 냉철. 암기력 ​\n▷ 눈치가 빠르고 동정심이 강해 부화뇌동 심리가 강함. 자신의 업무에 최선을 다하며 전력하는 스타일. 다소 방탕하고 색욕적 기운이 강해 한량기질. 개방적이어서 비밀유지 곤란. 성격기복이 심한 편 ​\n▷ 냉철하고 표현력이 뛰어나 무난한 대인관계 유지 \n▷ 방랑의 기운으로 예속을 거부. 하고 싶은 대로 행동하는 경향 \n▷ 교신(交神) 퇴신(退身) 복신(伏神)은 음양차착살과 동일,,,\n
천덕귀인(天德貴人),\n▷ 월덕귀인과 함께 이덕귀인(二德貴人)으로 본인의 전생공덕과 조상의 음덕으로 복을 받는다는 길성 \n▷ 길한 사주는 더욱 길하고. 흉한 사주는 피흉하게 하여 재액을 막아주며 천우신조로 무사무탈 \n▷ 재관운이 좋아 공직에 길하고 재물복 \n▷ 혼사 등의 택일을 볼 때 반드시 천덕일을 참조함 \n▷ 특히 여성과 관련한 택일 등에 적용. 훌륭한 배우자와 가연하고 자식현달 \n▷ 충형해파 또는 공망이 되면 흉신으로 작용 \n▷ 가령 인월(寅月)에 택일한다면 정일(丁日)에 모사하면 피흉 ​\n▷ 천덕귀인은 방합구조. 월덕귀인은 삼합구조(왕지천간양간),,,\n
천라지망(天羅地網),\n▷ 여타의 신살 가운데 가장 강력한 상위개념의 신살로서 천라지망 시기에는 창업금물. 학문 및 정신수양 등의 수성이 중요함 \n▷ 라망살(羅網殺). 하늘과 땅에 그물이 쳐진 형상으로 모든 것이 막히고 갇혀 관재구설 시비 쟁투 송사 구속 감금의 형액이 따름 \n▷ 일지 기준 술해진사(戌 亥 辰 巳) 일생이 술해진사의 행운에 해당 ​\n▷ 술(戌)의 화고(火庫)는 해(亥)의 절(絶)로서 서북의 천라(天羅天門). 진(辰)의 수고(水庫)는 사(巳)의 절(絶)로서 동남의 지망(地網地門) ​\n▷ 이혼소송 별거 육친인연단절 관재구설 신경쇠약 손재수 ​\n▷ 천라지망살은 아래사람이 윗사람을 형무소에 구속하는 하극상이 다반사로서 범인(凡人)이 귀인(貴人)을 극하는 시기 ​\n▷ 천라(天羅)는 경찰 법관 의약종사자 역술인 등 활인업 적성. 특히 종교적으로 천주교 및 역학관련 종사자 많음. 지망(地網)은 치밀한 직종. 회계 첨단산업 정밀기계 기예에 적성을 보임 ​\n▷ 일지가 술해진사(戌 亥 辰 巳)의 천라지망이 아니더라도 대운이 천라지망의 행운에 놓여도 라망의 기운을 떨칠 수 없기 때문에 이 시기에도 가급적 창업보다 수성에 힘써야 함을 암시함,\n▷ 남명의 라망살은 매사가 불여의하고 금전운이 박하며,\n▷ 여명의 라망살은 부연(夫緣)과 자식 복이 없는 암시,\n▷ 대운이나 연운에서 겹치면 대흉 \n▷ 천라지망의 운에서 왕성한 활동을 유지하면 후일 흉사발생 \n▷ 가령 라망 시기에 좌천되면 피흉되어 오히려 길함\n
천록귀인(天祿貴人),\n▷ 일간의 12운성 건록지로서 비견에 해당. 일간과 비교하여 건록의 해당 지지가 있으면 발복 \n▷ 천록은 복록으로 의식주가 유여하고 시험운과 취직운의 길성으로 매사 순성의 기운 \n▷ 행운을 비롯하여 충형해파되거나 공망이면 기대무망 \n▷ 건록이 길신이면 길하나 흉신이면 기대난망,,,\n
천문성(天門星),\n▷ 지지에 미술묘해인유(未 戌 卯 亥 寅 酉)가 두 개 이상 중첩되면 해당. 술해(戌亥)는 하나만 있어도 작용 \n▷ 특히 술해(戌亥)의 천문성이 일지를 기준으로 지지에 중첩되면 역술가 명식이며. 의학과 전체우주 및 종교 분야에 관심이 많음. 특히 천주교 신자 많음 \n▷ 천문성이 있는 사람은 대개 반듯한 용모와 글재주가 있음 \n▷ 두뇌회전이 빠르고 임기응변에 능한 재사(才士)의 기질 있음 \n▷ 신경이 예민하여 신비하고 영험한 것에 관심. 꿈의 적중률이 높고. 직관력과 영감이 뛰어나 운명관련 학문 적성. 지혜총명,,,\n▷ 신약사주에 월지 천문성이거나 월살(月殺)이 있으면 신기(神氣) \n▷ 술해(戌亥) 가운데 사주에서 술(戌)이 진(辰)을 보면 라망살이 되어 천문성 본래의 기운이 떨어짐 \n▷ 원국에 천문살과 현침살이 있으면 역학자로 대성 \n▷ 천권성(天權星) 및 천인성(天刃星)을 만나면 문장가로 대성 ​\n▷ 인성과 함께 있으면 학문적 자질과 문학성이 뛰어남 ​\n▷ 대운지가 천문성인 시기에도 종교적 관심 많아짐\n
천복귀인(天福貴人),\n▷ 천록(天祿)으로 많은 사람의 도움과 신뢰로 축복 받음 \n▷ 천복귀인은 일간기준으로 월지에 놓인 것을 귀하게 여김 \n▷ 일명 공복귀인(公僕貴人)으로 공직종사자는 승진승급에 유리하고 지위상승 및 재복으로 윤택한 생활 ​\n▷ 일간의 천간 정관이 지지의 건록(建祿)지에 놓임 \n▷ 공망 및 충형해파 당하면 천복귀인 기대난망 \n▷ 천복귀인이 주중에 중첩하면 귀함이 없어짐 \n▷ 일간이 신왕하고 정관이 길신이면 천복귀인으로 대길하나. 신약하고 관성이 기신이면 흉사가 속출,,,\n
천을귀인(天乙貴人),\n▷ 청나라 매각성(梅殼成)의 『협기변방서(協紀辨方書)』에서 천을귀인을 길신의 으뜸으로 여김 (天乙其神最尊貴. 所至之處. 一切凶煞隱然而避) \n▷ 계묘(癸卯) 계사(癸巳)일은 주귀(晝貴)라 하여 낮에 태어나야 좋고. 정유(丁酉) 정해(丁亥)일은 야귀(夜貴)라 하여 밤에 태어나야 좋다고 봄 ​\n▷ 일지에 천을귀인이 있는 정유(丁酉) 정해(丁亥) 계묘(癸卯) 계사(癸巳)를 일귀(日貴)라고 함 ​\n▷ 옥당귀인(玉當貴人) 또는 천은귀인(天恩貴人)이라고도 함 ​\n▷ 자시(子時)부터 오시(午時) 사이에 태어난 천을귀인을 양귀인(陽貴人)이라고 하는 반면. 오시(午時)부터 자시(子時) 사이에 태어난 천을귀인을 음귀인(陰貴人)의 옥당귀인이라고 함 \n▷ 일간을 기준으로 주중의 천을귀인을 비교 ​\n▷ 천을귀인은 후원성이 강해 곤경에 처하면 후원자가 생기며. 대체로 심성이 반듯하여 대인관계가 원만하고 정도지향으로 인덕이 있음 \n▷ 주중의 천을귀인에 따라 근묘화실론의 십성심리 긍정작용 ​\n▷ 진술(辰戌)은 괴강과 백호 그리고 천라지망의 산실이기 때문에 천을귀인의 적용이 없음 \n▷ 서낙오(徐樂吾) 등 신살부정 학자들도 천을귀인을 중히 여김,,,​\n▷ 일간이 신쇠(身衰)하고 충형해파 및 공망이 있으면 의기소침. 의타심. 의심증. 과묵함 등으로 천을귀인의 부정심리 ​\n▷ 일간이 신왕(身旺)하고 청기하면 천을귀인 긍정심리 배가 ​\n▷ 행운에서 천을귀인을 만나면 순성. 택일선택의 기준 \n▷ 천을귀인이 건록 또는 제왕과 함께하면 관운대길. 사절(死絶)지에 놓이면 모사불성(謀事不成) \n▷ 양귀인이 양계절생. 음귀인이 음계절생이면 귀인효과 배증 \n▷ 일간기준으로 양음귀인 즉. 양귀(兩貴)를 모두 갖추면 길복 ​\n▷ 천을귀인이 사절(死絶)되거나 충형해파 및 공망되면 길복 감소 \n▷ 사주 원국에 천을귀인이 많으면 무기력과 조울증이 반복됨 \n▷ 일주 천을귀인 사주가 대운에 천을을 놓으면 오히려 복음살이 작용해 되는 일이 없음\n
천의성(天醫星),\n▷ 일명 활인성(活人星)으로 월지의 앞 자에 해당하는 지지를 말함 \n▷ 천의성이 있는 사주는 의사 한의사 약사 간호사 침술사 의료업 종교가 역술인 건강관련업에 종사,,,\n▷ 천의성이 길신이고 희신이면 의약업에 종사할 수 있으나. 흉신이면 의약에 관심 없고.있어도 장롱면허 또는 무면허 의료인 \n▷ 천의성이 백호 괴강 양인이면 육체적 힘을 많이 쓰는 의사가 많고. 간호사. 물리치료. 방사능. 재활계통 근무자 ​\n▷ 천의성이 인성길신이면 종교인. 역술인. 자선사업가. 의대교수 ​\n▷ 사생지의 천의성은 외과. 정형외과. 소아과 의사가 좋고. 사왕지의 천의성은 성형외과. 피부과. 치과의사가 어울리는 반면. 사고의 천의성은 내과. 산부인과. 이비인후과. 한의사 적성\n
천주귀인(天廚貴人),\n▷ 천주(하늘天 부엌廚)는 하늘의 부엌으로 곡간의 풍성함을 의미하며 재복이 트이고 매사길성(每事吉成) \n▷ 무신(戊申) 기유(己酉) 임인(壬寅) 계묘(癸卯)일주 및 지지 \n▷ 일간의 천간식신(食神)이 건록(建祿)지에 놓여(坐) 있는 곳이 천주귀인의 궁 \n▷ 식신생재(食神生財)의 순기능이 있으나 정인(正印)의 길신이 있으면 의식주 풍요. 그러나 길신인성이 없어도 길운 \n▷ 행운(行運)의 천주귀인도 길한 작용하여 만사순탄 ​\n▷ 『연해자평(淵海子平)』과 『명리정종(命理正宗)』 견해차이 있으나 식신의 건록(建祿)을 중시하는 연해자평 설이 유력,,\n▷ 여명의 천주귀인은 요리솜씨가 발군,\n
철사관(鐵蛇關),\n▷ 철사관은 철사 줄이 자신을 휘감듯이 질기고 강한 사슬의 기운이 영육에 고통을 주는 살. 한편. 성욕(性慾)의 바로미터 \n▷ 자신을 볶는 형으로 스스로에게 스트레스를 주어 지나치게 예민하고 신경질적임. 다혈질적 기질에 극단적 성향. 강박관념 강함 \n▷ 자존심이 강하여 대인관계 및 부부관계가 극단으로 치닫기 쉬움 \n▷ 질병에 취약하며 질투심이 강하고 원망을 잘함 ​\n▷ 갑진(甲辰) 병신(丙申) 정미(丁未) 무인(戊寅) 경술(庚戌) 계축(癸丑)일주 \n▷ 희귀성질환 췌장 근무력증 백혈병 신경쇠약 자폐 무기력 등과 관련한 심신쇠약의 암시가 있으므로 사전체크 필요 ​\n▷ 원국에 충형해파가 없으면 정력이 지나쳐 욕정을 주체하기 곤란,,,\n
철쇄개금(鐵鎖開金),\n▷ 일지를 기준으로 묘유술(卯 酉 戌)이 두 개 이상   \n▷ 자물쇠를 여는 열쇠의 의미(쇳대). 해결사 역할 \n▷ 겉으로는 유하게 보여도 내면은 냉정하고 칼 같은 성격. 권위적   ​\n▷ 두뇌회전력이 좋고 통찰력과 선견지명이 뛰어남   \n▷ 철쇄개금 사주는 사람에게 컨설팅 또는 멘토 역할이 주종 ​\n▷ 활인업 교육업 의약업 법조인 IT업종 등 타인에게 위안을 주거나 억울함을 풀어주는 역할의 직업 \n▷ 묘(卯)는 일출지문(日出之門)으로 하루의 일과를 시작하는 시간대인 반면. 유(酉)는 일입지문(日入之門)으로 귀가하는 시간대이다. 술(戌)은 천도(天道)의 관문으로서 하루 동안 모든 영육의 고충을 치유하는 명상의 시간이다. 따라서 철쇄개금이 일지를 기준으로 지지에 중중하면 활인 의학 종교 관련 업상에 연관 짓는 경우를 많이 보게 된다.,,,\n▷ 신미(辛未). 신해(辛亥). 신축(辛丑)일주가 월지에 묘유술(卯酉戌)을 보아도 활인적성\n
취명관(取命關),\n▷ 병약하여 사람이 많이 모인곳에 가면 전염병등에 취약하고. 빙의(憑依) 등으로 정신적 타격을 입을수 있다는 흉살 \n▷ 병진(丙辰) 기해(己亥)일주 \n▷ 특히 소년기에 적용하는 흉살로서 일반적으로 적용 안 함 \n▷ 동착 행운에서 정체성을 상실하여 심신이 피곤하고 무기력해져 의욕이 없어짐 \n▷ 무속에서는 취명관살에 걸린 사람의 눈을 가리고 무릎 꿇게 하여 도지(桃枝) 및 좁쌀 콩 팥 등을 뿌리면서 칼로 귀신을 자르는 흉내를 내며 살풀이 함(살풀이 후에는 돌아보지 말고 가야 함),,,\n
탕화(湯火),\n▷ 전생에 약물 또는 화마로 사망한 혼령들의 환생설 \n▷ 끓는 물 기름 가스 화재 음독 자살충동 총포화기사고 약물중독 식중독 전기사고 교통사고 등의 각종사고에 취약 \n▷ 탕화살이 있으면 편인의 기질표출. 염세적 부정적 사시적 잔소리 우는소리 과민반응 의심증 외골수 자살충동 등 수시로 비관하거나 의기소침 하며 자신을 볶아 자충수를 둠 ​\n▷ 탕화살이 있거나 행운에서 작용하면 부부싸움이 전쟁수준이며. 조열하고 욱하는 폭발적 성격이 되어 부딪침과 후회의 연속 ​\n▷ 화상과 수술 등의 큰 흉터 또는 태점(胎占)과 반점 등 자국이 있을 수 있으나. 이미 열병과 홍역 등을 치루거나 몸에 곰보자국 또는 큰 점 등의 자국이 있으면 피흉 ​\n▷ 탕화살이 있으면 화기 총포 화약 가스 유류업 등의 직업에 불리 ​\n▷ 탕화살은 일지를 기준으로 주중의 해당 지지와 비교하여 판단함. 그러나 탕화살 행운에서도 작용하지만 신강하면 흉화가 약함,,,\n▷ 인목(寅木)은 신경계질환. 임파선. 갑상선. 중풍. 수족이상   오화(午火)는 순환기질환. 심혈관. 안질환. 틱증세. 당뇨. 작파   축토(丑土)는 생식기질환. 하체부실. 내분기질환. 혈액관련질환 ​\n▷ 가령 일지 오화(午火)에 진오축(辰午丑) 탕화살이 원국에 하나 이상 있거나 행운에서 동착하면 탕화 작용함\n
태극귀인(太極貴人),\n▷ 일간을 기준으로 연지와 일지를 살핌 \n▷ 종래의 연지(年支) 주장설은 모순이 많음. 가령 자년(子年)에 태어난 갑을(甲乙) 일간은 모두 태극귀인에 해당한다는 어불성설. 따라서 태극귀인이 연지와 일지에 동시에 자리해야 길복 \n▷ 일간이 신왕한가운데 연지와 일지의 태극귀인은 말년에 복기(福氣)가 집중되어 봉후만호(封候萬戶).말년복록 (末年福祿) \n▷ 태극귀인은 시종(始終)을 주관하는 자리로서 복록 ​\n▷ 후원성이 강해 물심양면으로 자기를 돕는 사람이 많고. 학연으로 많은 문하생을 거느려 교육계에서 입신양명 \n▷ 태극귀인이 충형해파 공망 병존 사절(死絶)되면 받을 줄만 알고 베풀 줄 몰라 인간관계의 단절과 흉화 ​\n▷ 태극귀인의 팔자는 받은 만큼 선행해야 만년길복 <일간 태극귀인의 생성> 甲.乙 감(坎)=子에서 生하고 리(離)=午에서 死 丙.丁 진(震)=卯에서 生하고 태(兌)=酉에서 死 戊.己 辰.戌.丑.未는 정고(正庫)에서 生 庚.辛 간(艮)=寅에서 절(絶)을 만나 寅中戊土에서 절처봉생(絶處逢生) 壬.癸 申에서 生하고 巳에서 絶,,,\n
퇴신(退神),\n▷ 청개구리 신살. 머피신살(murphy). 하면 안 되고 멈추면 됨 \n▷ 두드러져 보이려 깊이 생각하지 않고 일을 잘 벌이는 스타일로 곧 후회함. 튀는 성향 \n▷ 정미(丁未) 정축(丁丑) 임진(壬辰) 임술(壬戌)일주가 해당. 복신을 앞둔 시기이기 때문에 진퇴양난으로 정체되어 실익이 없음. 일을 벌여도 시원치 않는 석연함으로 불안정한 상태가 지속됨 \n▷ 질투심의 화신. 돋보이려는 성향. 독특한 개성과 가치관. 성정이 밝고 천진난만. 결백성. 자존심. 호불호가 분명. 겉보기와 달리 멜랑콜리(melancholy). 선민의식. 공명심 \n▷ 자기자랑을 많이하고.인기를 독점하고 싶은 마음이 강함   \n▷ 어떤일을 속단하여 실행한 일로 뒤늦게 후회를 잘함 ​\n▷ 교신(交神) 퇴신(退身) 복신(伏神)은 음양차착살과 동일,,,\n
파(破),\n▷ 일명 육파살(六破殺) \n▷ 지지의 열 번째 지(支)끼리 파(破)조합. 생왕고가 충되면 흔들려서 자연히 파를 이룸 \n▷ 일지를 기준으로 해당 지지의 육친십성과 비교(부정심리) \n▷ 축진(丑辰) 인해(寅亥) 신사(申巳) 오묘(午卯) 유자(酉子) 술미(戌未)의 여섯 조합 \n▷ 이탈 파괴 붕괴 분리 절단 반목 대립 이별수를 예고 \n▷ 생왕고로 인신사해(寅申巳亥). 자오묘유(子午卯酉). 진술축미(辰戌丑未)의 충(沖)과 파(破)의 조합   인신(寅申)과 사해(巳亥)가 충하면 충돌로 인해(寅亥)와 사신(申巳)도 자연히 파   자오(子午)와 묘유(卯酉)가 충하면 충돌로 유자(酉子)와 오묘(午卯)는 자연히 파   진술(辰戌)과 축미(丑未)가 충하면 충돌로 축진(丑辰)과 술미(戌未)가 자연히 파 \n▷ 지지합과 파의 종합구성   인해(寅亥)는 지지합과 파   사신(申巳). 술미(戌未)는 삼형살의 형과 파,,,\n
평두(平頭),\n▷ 갑병정임자진(甲 丙 丁 壬 子 辰)의 간지처럼 글자의 윗부분이 없어 보이는 자형(字形)으로 평평한 모양을 하고 있음(현침.곡각.과살과 함께 자형살) \n▷ 일주 기준 갑자(甲子) 갑진(甲辰) 병인(丙寅) 병술(丙戌) 병진(丙辰)이 일시(日時)에 중첩되면 평두(平頭)에 해당 \n▷ 대인관계를 철저히 자신의 목적달성을 위한 수단으로 활용 \n▷ 자신보다 능력이 있는 배우자 또는 상대방을 질시하여 반목심리 \n▷ 목적달성을 위해 수단과 방법을 불문하고 쟁취하려는 기운이 강함 \n▷ 남녀공히 작용하나 여성에게 평두의 흉살이 강하게 작용 ​ \n▷ 편관이 강하고 행운에서 인성이 흉살로 작용할때 강함 ​\n▷ 고독한 기운과 더불어 개성이 뚜렷하고. 자기주장이 강하고 호전적 경향. 공직을 비롯한 조직생활에 부적합 ​\n▷ 일반인과 다른 독특한 취향의 기질로 종교나 역술 계통에 관심이 많고 신비스런 학문에 관심과 흥미 \n▷ 부부무정. 독신주의 고수. 성직자 무당 박수 정육점 식당업 등의 직업적성 \n▷ 평두의 부부관계는 다툼이 잦아 해로난망하나 권력계통이나 생살여탈 직업군에 근무하면 피흉함. 특히 여명에서 남편이 활인업이나 의료계에 종사하지 않으면 관재 및 생리사별의 흉화가 미침,,,\n▷ 갑병정임자진(甲. 丙. 丁. 壬. 子. 辰)의 간지가 사주에 3개 이상 있으면서 행운에서 만나 4개 이상 되거나. 또는 평두살을 만나면 혼담이 어렵고 종교에 관심이 많거나 종교인 및 역술인 운명\n
학당귀인(學堂貴人),\n▷ 다방면에 학문적 흥미를 두기 쉬운 귀인 \n▷ 학당귀인은 배움 자체보다 직업적으로 활용하려는 심리가 강함 \n▷ 공부한 과목 가운데 타고난 재능에 맞는 업종을 선택하여 사업과 연계시키면 좋은 결과 있음 \n▷ 의료사업 교육사업 자선사업 육영 등 기타 자격증 중심의 사업,,,\n▷ 학당귀인이 자왕(自旺)하고 신왕하면 교육계에서 대성 ​\n▷ 학당귀인이 충형해파. 공망이 되면 학문의 중도좌절과 결과 부실로 신경과민과 정신질환 증세 ​\n▷ 행운에서 합거(合去)되면 학당귀인 불성하여 노다공소(勞多功少) ​\n▷ 행운이 학당귀인이면 학문에 전념하고 학업성과가 발흥 \n▷ 학당귀인=양음간 모두 장생. 문곡귀인=양간장생. 음간병지. 문창귀인=양간병지. 음간장생.\n
해(害),\n▷일명육해살(六害殺).상천살(相穿殺-구멍내는살).원진육해살(怨嗔六害殺)로서 육해(六害)는 육합(六合)을방해하는 신살 \n▷ 인사(寅巳) 묘진(卯辰) 신해(申亥) 미자(未子) 축오(丑午) 술유(戌酉)의 육해가 지지에 있을 때 십성육친 부정심리 ​\n▷ 인사(寅巳)는 삼형살(三刑殺)과 겹치는 해살이며. 묘진(卯辰) 술유(戌酉)는 방합(方合)과 겹치는 해살. 미자(未子)와 축오(丑午)는 원진살과 해살 \n▷ 해살은 자신을 비롯하여 주위 사람들을 극하여 해롭게 하는 살로서 형(刑)과 파(破)보다는 작용력이 미약 \n▷ 해살은 합을 방해하여 엉뚱한 일이 발생되거나 뜻하지 않게 사람과 다투거나 냉담함 \n▷ 일지와 월지의 해살은 형제와 인연이 박하고. 특히 배우자의 몸이 쇠약한 가운데 여자의 경우 흉해가 더 심함 \n▷ 일지와 시지의 해살은 배우자와 자식의 덕이 없고. 노년에 고독하여 질병으로 곤곤함을 의미 ​\n▷ 인사(寅巳) 해는 사화(巳火)가 신금(申金)을 육합하지만 인목(寅木)의 육충으로 합력소멸. 사화(巳火)가 해수(亥水)를 육충하지만 인목(寅木)의 육합으로 충력소멸. 부모형제 및 부부 인연이 없고 극단적 선택으로 생을 마감하기도 하는데 특히 관재구설과 수술을 조심 (장염 위장병 인후염. 어깨 결림. 황달 기관지 골다공증 주의) ​\n▷ 묘진(卯辰) 해는 진토(辰土)가 유금(酉金)을 육합하지만 묘목(卯木)의 육충으로 합력소멸. 진토(辰土)가 술토(戌土)를 육충하지만 묘목(卯木)의 육합으로 충력소멸. 형제간 반목. 일의 유시무종. 재산탕진. 중상모략 등으로 곤곤한 일생(위장병. 허리통증. 간 기능 이상에 주의) ​\n▷ 신해(申亥) 해는 해수(亥水)가 인목(寅木)을 육합하지만 신금(申金)의 육충으로 합력소멸. 해수(亥水)가 사화(巳火)를 육충하지만 신금(申金)의 육합으로 충력소멸. 일의 지연과 불성. 부모형제 및 부부인연 박하고 자손이 귀함(대장 질환. 위장병. 자궁이상. 폐렴. 백혈병에 주의) ​\n▷ 미자(未子) 해는 자수(子水)가 축토(丑土)를 육합하지만 미토(未土)의 육충으로 합력소멸. 자수(子水)가 오화(午火)를 육충하지만 미토(未土)의 육합으로 충력소멸. 남명-처의 지병으로 부부인연 박하고 재산이 고갈. 여명-매사 불협화음 인간관계가 악화. 무늬만 부부(허리통증. 신장이상. 심장 질환 등에 주의) \n▷ 축오(丑午) 해는 오화(午火)가 미토(未土)를 육합하지만 축토(丑土)의 육충으로 합력소멸. 오화(午火)가 자수(子水)를 육충하지만 축토(丑土)의 육합으로 충력소멸. 부모형제 및 부부불화 (피부질환. 뇌졸중. 정신이상. 신경쇠약. 심장병. 다혈질. 선민의식. 잘난 체 등에 주의) ​\n▷ 술유(戌酉) 해는 유금(酉金)이 진토(辰土)를 육합하지만 술토(戌土)의 육충으로 합력소멸. 유금(酉金)이 묘목(卯木)을 육충하지만 술토(戌土)의 육합으로 충력소멸. 일의 지연과 불성립. 부모형제 및 부부 반목 및 의심(간장이상. 대장이상. 비장이상. 말더듬. 피부질환 등에 주의),,,\n
현침(懸針),\n▷ 일명 자형살(字形殺)로 글자의 모양이 바늘처럼 뾰족함 \n▷ 날카로운 바늘 붓 침 칼 가위 흉기 정곡(正鵠)의 물상으로 기본적으로 사람을 살리는 활인(活人)의 성분 \n▷ 일주 기준 갑신묘오미신(甲 辛 卯 午 未 申)이 두 개 이상 있으면 영향 \n▷ 현침살이 있으면 논쟁을 즐기되 의견이 상충하면 적으로 규정하여 제압하려는 성질이 있음. 특히 화가 나면 포악해짐 ​\n▷ 정확하고 비판적 화술구사. 성격이 예민하고 감성적이며. 잔꾀에 능하고 속전속결의 자모자패(自謀自敗) 형상 ​\n▷ 설화(舌禍)에 의한 관재구설 및 신경과민증세로 다혈질 ​\n▷ 현침살의 직업은 헤어디자이너 의상디자이너 의사 세공사 등의 금속기구를 활용한 직업과 문필가 역술인 비평가 평론가 애널리스트 분석가 조각가 재단사 인각업무 화가 IT기술자 정육점 치기공사 간호사 펜싱 도축업 고물상 등 직업적성 ​\n▷ 현침은 예능과 기술 분야의 소질이 다분하며 종교성향을 보임 \n▷ 현침살이 있으면 허리 및 목 등에 디스크증상. 수술수,,\n▷ 여명현침은 상대에 따라 불감증이 심하지만 성적욕구가 강함,\n
형(刑),1) 형(刑) \n▷ 지지에서 발생하는 살(殺) 가운데 가장 강력한 영향력을 미치는 것으로서 주로 개인의 영육과 대인관계에 불협화음과 생각지도 않는 사건사고를 일으키는 흉살 \n▷ 사주에 드러난 형살을 비롯해 행운에서 형살을 만나도 관재구설 신체상해 부부불화 고집불통 안하무인 등의 강한 기운이 발생하여 내외적으로 마찰과 흉사가 발생 \n▷ 무은지형(無恩之刑). 지세지형(持勢之刑). 무례지형(無禮之刑). 자형(自刑) 등으로 분류 ​\n▷ 사주에 형살이 있어도 기운이 청하고 균형이 잡히면 군경검 및 의료계통. 기술직 등의 직종에서 피흉 대길 ​\n▷ 형살과 십성의 관계   비겁형살은 불편한 형제자매관계 친구관계배신 도박중독   식상형살은 건강악화 직업변동 처가와 반목. 여명의 경우 산액과 자식으로 인한 고통   재성형살은 사업부진 부부불화 부친과 결별. 손재수   관성형살은 인신사고. 도박 및 마약 중독증. 납치 등 횡액. 관성형살의 직업은 생살여탈의 군경검. 의사 등 직업적성   인성형살은 모친쇠약으로 질병과 불구. 문서 운 불리. 그러나 공부는 법률 의료 기술 등에 관심 (1) 인사신(寅巳申)형 \n▷ 무은지형(無恩之刑)으로 삼형살(三刑殺)이라고 함 \n▷ ‘은혜를 배신’ 한다는 의미로서 선민의식이 강해 거만하고 약자를 업신여기고 강자에 굴신거리는 전형적 표리부동 \n▷ 인사(寅巳). 사신(巳申). 인신(寅申) 두 자만 있어도 영향력 동일하나. 인신(寅申)은 충과 형으로 부정심리가 배증 \n▷ 이(利)에 민감하여 대인관계의 기준을 이해타산적으로 접근하고. 습관적 배신과 불충으로 수서양단(首鼠兩端)의 이중성 \n▷ 연지와 월지의 인사신(寅巳申) 형은 부모에게 불효하고. 하극상의 기질로 상사에게 안하무인격 언행. 교활하고 잔머리의 대가 ​\n▷ 일지와 시지의 인사신(寅巳申) 형은 처덕과 자식 복이 없고. 특히 여명은 낙태 등 산액으로 자식 복 기대난망 ​\n▷ 인사신(寅巳申) 형이 있으면 성격이 급하고 조열하며. 다혈질적 기질로 마찰이 잦고 지구력이 약하여 자모자패 (自謀自敗) \n▷ 편도선 등의 순환기계통의 질환과 장 질환으로 수술수. 교통사고 및 사기에 취약 \n▷ 삼형살이 장생(長生). 관대(冠帶). 건록(建祿). 제왕(帝旺)과 합국하면 생살여탈 직업군에서 두각을 나타냄 \n▷ 인사신(寅巳申) 형이 십이운성의 사절(死絶)과 동주하면 매사불성이며. 여명은 흉사가 다반사고 해로 불가 ​\n▷ 여명의 삼형살은 남편과 해로곤란. 남편백수. 남편경시. 고독지명으로 대체로 가주(家主)의 역할 (부성입묘의 현상과 동일) ​\n▷ 일지 인(寅)에 사(巳)운-건강이상. 신(申)운-구설. 신경쇠약   일지 사(巳)에 인(寅)운-성격변화. 신(申)운-재물손괴   일지 신(申)에 인(寅)운-편두통. 사(巳)운-관재구설 ​\n▷ 일지 인(寅)에 신사(申巳)운-신경계 간장 임파 갑상선   일지 사(巳)에 인신(寅申)운-순환계질환 눈 심장 소장   일지 신(申)에 인사(寅巳)운-골격계질환 대장 순환기 폐 (2) 자묘(子卯)형 \n▷ 무례지형(無禮之刑)으로 상형살(相刑殺)이라고 함 \n▷ 음지(陰支)의 왕기(旺氣)로서 비정상적 성취욕이 강해 부작용 발생 ​\n▷ ‘예의를 모르다’는 의미로서 제멋대로 행동하려는 무례한 성정으로 불쾌감을 유발하고. 독선적 성격으로 분위기를 자기 멋대로 끌고 가며 언행이 거칠고 과격 \n▷ 일지를 기준으로 지지에 자묘(子卯) 형이 있으면 해당 십성육친의 부정심리가 발동 \n▷ 여명의 경우 자묘(子卯) 형이 있으면 배우자를 극부극처(剋夫剋妻)하여 관재구설로 해로 불가 \n▷ 행운에서 자묘(子卯) 형이 와도 가정불화 및 손재수 ​\n▷ 자묘(子卯) 형이 있으면 현침의 작용으로 뇌질환과 관련한 두통과 방광 등의 생식기 질환. 약물중독 변태성 행위에 취약 \n▷ 사주가 청기하면 기예와 학예. 창조적 분야에서 소질발휘 (3) 축술미(丑戌未)형 \n▷ ‘동류의 형’으로 지세지형(持勢之刑)이며 붕형(朋刑) \n▷ 자기 기운에 충만하여 자기만의 세상을 그리며 세속과 담 쌓고 사는 독특한 일면을 보이며 침잠하는 형태. 이해타산적. 사기성 \n▷ 축술미(丑戌未) 형이 있으면 예상 이외의 사고수에 직면하게 되거나. 대인관계에서 관재 및 손재가 따라 물질적 손해를 봄 \n▷ 일의 중단과 헤어짐이 반복되며 영험한 체험을 반복 \n▷ 정신적 불안정과 접신한 기운이 감돌아 한 곳에 정착하기 어렵고 일반인과는 사뭇 다른 행태를 보임 \n▷ 우울과 조울이 반복되어 사소한 일로 언쟁 및 과격한 행동 \n▷ 이유 없이 몸이 아프지만 돌아다니면 정상으로 회복 \n▷ 종교적 신념과 행위에 관심이 많으며 말없이 관조적 태도 \n▷ 여성의 경우 축술미(丑戌未) 형이 있으면 가정불화. 고독. 해로불가 \n▷ 술축(戌丑) 술미(戌未) 축미(丑未)의 두 자가 있어도 영향력 동일 ​\n▷ 신경 및 순환계 질환이 의심되며 특히 정신이상 및 심신장애. 과민성 대장성질환. 견통. 목과 허리 디스크 등의 질환에 취약 (4) 진오유해(辰午酉亥)형 \n▷ 병존(竝存)의 자형(自刑)이라 함(일시에 동주하면 강함) 형으로 자신에게 형을 가한다는 의미 \n▷ 진진(辰辰) 오오(午午) 유유(酉酉) 해해(亥亥)를 비롯하여 십이지지 모두 병존의 자형(子刑) \n▷ 사주에 자형(自刑)이 있으면 정체성이 불분명하고 의타심이 강해짐. 유시무종 자모자패 변덕 강박관념 내성적  신체장애 투쟁적 광인(狂人)기질 다혈질 집요 짜증 폭발력 ​\n▷ 현실고수 심리가 강해 공직자 등 보수적 직업적성이며 자영업 등의 사업에는 부적합 ​\n▷ 사주에 자형(自刑)이 있으면 침잠의 기운이 감돌아 사고가 편파적이며 변화를 싫어하고 외골적이며 천박한 행동 ​\n▷ 자형(自刑)이 십이운성의 사절(死絶)지와 동주하면 신체에 횡액 \n▷ 진진(辰辰)형-이기적 고허지명. 동정심과 배려심 없음. 냉정. 육친덕박 \n▷ 오오(午午)형-자기주장 강함. 다혈질. 극단적. 잘난 체함. 나서기 잘함. 구설수 \n▷ 유유(酉酉)형-검봉세금(劍鋒細金) 욱 폭발적 민감 신경질 \n▷ 해해(亥亥)형-게으름 유시무종 비관 시기질투 의기소침 난관연속,,,\n
홍염(紅艶),\n▷ 도화살과 비슷한 신살이지만. 홍염살이 사주에 있으면 묘한 매력을 발산하여 이성의 관심과 흥미를 유발시킴 \n▷ 경술(庚戌) 정미(丁未) 무진(戊辰) 병인(丙寅) 갑오(甲午) 신유(辛酉) 임자(壬子)일주 \n▷ 타인의 감언이설에 부화뇌동하여 분위기를 쉽게 타는 유형 \n▷ 성정이 밝고 명랑하며 상대방의 기분을 맞추려는 배려심과 동정심 및 호의적 태도로 상대방이 착각의 개연성 \n▷ 상관견관(傷官見官)의 식상과 관살이 혼잡하면 난삽(難澁)한 행동 ​\n▷ 사주에 수기가 강하면서 홍염살이 있으면 작용력이 큼 \n▷ 홍염살과 도화살이 겹치면 작용력 배가. 눈웃음. 사치. 허영 ​\n▷ 남명보다 여명에 많이 작용하나 어느 쪽도 비슷함 ​\n▷ 홍염살이 있는 사주의 직업은 방송연예인 쇼핑호스트 스튜어디스 숙박업 홍보영업직 에어로빅 강사 등 적성 \n▷ 홍염살이 있으면 현대인의 직업적성에 적합하여 환영받음 \n▷ 분명한 정체성과 주관성 확립으로 철저한 자기 관리 필요 ​\n▷ 연월의 홍염살은 일찍 홍염의 작용이 있고. 일시의 홍염살은 늦게 작용하지만 월주에 편관이 있으면 반듯한 생활,\n▷ 건명홍염은 여성에게 인기 있으며 여성이 많은 곳에 근무해야 길함,,\n
효신(梟神),\n▷ 효(梟올빼미 효)는 동방불인지조(東方不仁之鳥)로 성장 이후 어미새를 쪼아 죽인다는 악조(惡鳥) \n▷ 사주의 일주에 효신살이 있으면 모친과 불화하고 이별. 남명은 고부갈등(姑婦葛藤). 여명은 시모갈등(媤母葛藤) \n▷ 갑자(甲子) 을해(乙亥) 병인(丙寅) 정묘(丁卯) 무오(戊午) 기사(己巳) 경진(庚辰) 경술(庚戌) 신미(辛未) 신축(辛丑) 임신(壬申) 계유(癸酉)일주(편인과 정인의 12개) \n▷ 경진(庚辰)과 경술(庚戌)일주는 효인 및 괴강살로 작용력 배가 \n▷ 일주에 효신살이 있으면 모친과 인연이 박하고. 일찍 헤어지는 아픔 등으로 어머니에 대한 원망과 미움이 자리함 \n▷ 효신은 이성에게 잘하고 인정스럽지만 이해타산적. 자존심. 냉정 \n▷ 편인효신은 문장력 명예욕 질투심 판단력 재치. 심적 변화 심함 \n▷ 사주에 효신살이 있는 사람은 새의 형상과 그림 등을 없애야 효신의 흉사 피흉 \n▷ 묘목(卯木) 효신은 편을 가르는 습성. 선견지명. 두뇌영민 \n▷ 일지 효신은 남녀 모두 배우자 인연이 불리 ​\n▷ 효신을 두고 시주에 식상을 보면 자식 복이 없음,,​\n▷ 여명에서 일시(日時)가 효신이면 식상을 극하여 산액 등의 흉사와 자궁질환으로 자식을 얻기가 곤란,\n
겁살,\n▷ 재물이든 사람이든 겁탈을 당한다는 살입니다. 손재 도난 사기 질병 관재 좌천을 의미 \n▷ 밖으로부터 겁탈이나 강탈을 당함을 말한다. 12신살중 가장 강하게 작용하는 대살로 불려지고 있다. \n▷ 길성이 함께하면 운이 열리나 흉성과 함께 있으면 화를 키우게 된다. \n▷ 외부로부터 가해지는 모든 위해. 즉 교통사고등 갑작스런 사고나 압류차압 등과 같이 외부의 힘에 의한 사고는 물론 수술이나 질병 등에 의한 사고도 포함된다.,,,\n▷ 겁살이 연주에 있으면: 어린나이에 객지를 떠돌면서 고생을 할 수도 있으며 가문을 잇기 어렵다고 본다. \n▷ 겁살이 월주에 있으면: 부모형제와 정이 적고 형제중에 단명한 사람이 있을수 있다. \n▷ 겁살이 일주에 있으면: 부부사이가 좋지않고 배우자가 질병에 시달릴수도 있다. \n▷ 겁살이 시주에 있으면: 자식이 귀하고 그 자식도 자녀가 없거나 아들을 둘 수 없는 경우가 많다. \n▷ 대운 세운에서 겁살을 만났을 때: 대운에서 겁살운을 만나면 불완전한 건물에서 살게되거나 강제 철거 등의 우려가 있는 위험한 곳에서 살게되거나 자리를 지키기위해 시비나 분쟁에 휘말리게 된다. 또한 직장을 그만두거나 배우자가 바람을 피우거나 재산을 탕진할 수 있다. 세운에서 겁살운을 만나면 가정에 대해 차압압류 철거 부도 등이 생기거나 건강이 나빠질 수 있다. 미혼자는 결혼에 문제가 생기고 자녀들은 유괴. 임신중일 때는 유산문제가 생긴다. 일진에 찾아온 손님은 사활이 걸린 중대한 일로 보아야 한다.\n
재살,\n▷ 감옥에 들어가는 수 또는 관재수로 보기 때문에 수옥살이라 합니다. 감금 납치 구속을 의미 \n▷ 일명 수옥살로 감금이나 납치 포로 감옥과 관련이 있는 살이다. \n▷ 자신이 재살을 이길 수 있는 사주이면 사법기관에서 근무하는 사주나 재살을 감당할 수 없는 사주라면 구속되거나 감금당하는 생활을 할 수 있는 사주이다. \n▷ 재살이 관살과 함께하면 구속될 수 있다.,,,\n▷ 재살이 연주에 있으면: 조상중에 비명횡사한 일이 있을 수 있으며. 소송이나 감금 등 관재수가 있을 수 있다. \n▷ 재살이 월주에 있으면: 부모 형제 중에 큰 사고를 당하거나 객사한 사람이 있을 수 있다. \n▷ 재살이 일주에 있으면: 부부사이가 좋지않아 헤어질수도 있으며. 자신이나 배우자가 사고를 당할 위험도 있다. \n▷ 재살이 시주에 있으면: 자식과 사이가 좋지않고. 또한 그 자식들로 인해 고생을 면하기 어렵다고 본다. \n▷ 대운 세운에서 재살을 만났을 때: 잘 풀리는 듯한 일이 끝내 실패가 되고. 잩은 다툼과 송사가 끊이지 않으며 천재지변의 어려움도 따른다고 본다.\n
천살,\n▷ 불의의 천재지변을 당하게 된다는 살을 말합니다. 홍수 화재 지진 또는 혈육의 사망 \n▷ 하늘로부터 천재지변에 관련된 재앙을 받는 사주이다. 태풍이나 홍수 가뭄 중풍이나 언어장애 등 피할 수 없는 재앙이 있을 수 있음을 의미한다.,,,\n▷ 천살이 연주에 있으면: 조상중에 천재지변으로 비명횡사한 경우가 있을 수 있고 타향살이의 고생을 면하기 어렵다. \n▷ 천살이 월주에 있으면: 부모형제 중에 큰 사고를 당할 수 있고 집안과 인연이 좋지않다. \n▷ 천살이 일주에 있으면: 부부사이가 좋지않고 부부중에 천재지변으로 목숨을 잃거나 크게 다칠 수 있다. \n▷ 천살이 시주에 있으면: 자식에게 좋지않는 일이 일어나기 쉬워 자식으로 인한 근심이 크다고 본다. \n▷ 대운 세운에서 천살을 만났을 때: 일을 벌여도 실속이 없고 급성질환 등이 생길 수 있어 종교에 의탁해야 할 일이 생긴다.\n
지살,\n▷ 역마와 유사한 돌아다니는 살을 말합니다. 땅의 저주 \n▷ 땅에 의해 받는 재앙으로 직장이나 머무르는 집을 한곳에 두지못하고 자주 옮겨다녀야만 하는 살로서 작은 역마에 해당한다. \n▷ 지살이 인성과 함께하면 공부를 위해 고향을 떠난다. \n▷ 도화살과 함께하면 애인을 찾아다니기에 분주하다. \n▷ 지살이 충하면 교통사고에 유의해야 한다.,,,\n▷ 지살이 연주에 있으면: 어린나이에 객지로 나가 고생할 수 있으며. 가까운 조상중에 객사한 일이 있을 수 있다. \n▷ 지살이 월주에 있으면: 부모형제가 바쁘게 돌아다닌 관계로 외로운 생활을 할 수도 있어 부모형제 덕을 보기 어려워 자수성가할 타입니다. \n▷ 지살이 일주에 있으면: 부부가 서로 다른 것을 찾아 돌아다니는 격이라 부부사이에 정이 없고 함께 있을 시간도 적다. \n▷ 지살이 시주에 있으면: 자녀가 밖으로 나돌아 속을 썩이게 된다. \n▷ 대운 세운에서 지살을 만났을 때: 이민이나 직장이동. 근무지 변동이 있거나 별거. 각방 생활 등을 할 수 있다.\n
연살,\n▷ 주색에 빠지게 되는 살입니다. 주색 도박 풍류 호색등 \n▷ 도화살이라고도 부르며 색정이 많아 화려하고 아름다운 것을 좋아하며. 이성에 대해 민감한 반응을 보이며 주색을 즐기며 음탕하다고 본다. \n▷ 최근에는 연예인 살이라고 하여 좋은 이미지를 많이 내포하고 있기도 하다. \n▷ 여자가 도화에 역마가 함께하면 음란하고 정부와 도주한다고 본다. \n▷ 도화는 공망과 동주하면 길하다.,,,\n▷ 연살(도화살)이 연주에 있으면: 조상이 배우자의 인연을 지켜주는 격이라 부부사이에 정이 각별할 수 있다. \n▷ 연살(도화살)이 월주에 있으면: 부모형제 중에 이성문제로 속을 썩일 수 있으며 부모형제와 인연이 적고 정이 없을 수 있다. \n▷ 연살(도화살)이 일주에 있으면: 배우자의 품행이 바르지 못한다고 하여 다툼과 갈등이 심하고 심하면 갈라설수도 있다. \n▷ 연살(도화살)이 시주에 있으면: 자식이 이성문제로 속을 썩이고 화류계로 빠지는 등 잘못된 길로 들어설 수도 있다. \n▷ 대운 세운에서 연살을 만났을 때: 연살 대운이 오면 이성이나 주색에 빠져 재산상. 명예상 어려움이 생기게 된다. 연살 세운이면 대운과 유사하나 미혼남녀는 결혼상대가 아닌 육체적 관계의 상대를 만난다고 본다.\n
월살,\n▷ 모든 것이 고갈된다는 살입니다. 무기력증이나 위축증 \n▷ 패배나 파괴를 의미하며. 소아마비 등 신체적인 이상이나 송사에 휘말리는 등 귀찮은 문제가 발생할 수 있다. \n▷ 하지만 어두운 밤에 달빛은 힘든 상황에서 반사이익이 있을수도 있는 살이다.,,,\n▷ 월살이 연주에 있으면: 조실부모하거나 타향에서 고생할 수 있으며. 하는 일마다 잘 풀리지 않는다. \n▷ 월살이 월주에 있으면: 부모형제 덕을 보기 어려우며 일은 많이 시작하나 용두사미로 끝나는 경우가 많다. \n▷ 월살이 일주에 있으면: 큰 소득도 없는 바쁜 생활로 인해 배우자와의 인연이 좋지 않고 별거하거나 주말부부가 될 수도 있다. \n▷ 월살이 시주에 있으면: 효자를 두기 어렵고 자식으로 인한 걱정이 떠날 날이 없다. \n▷ 대운세운에서 월살을 만났을 때: 대운이 오면 뜻하지 않은 횡재수가 생겨 포기한 돈을 돌려받거나 사례금. 위로금 등의 돈이 생기거나 상속재산이 생긴다. 세운에서 월살이 오면 하는일마다 어려움에 봉착할 수도 있다.\n
망신살,\n▷ 글자 그대로 망신을 당한다는 살입니다. 실수 \n▷ 술이나 이성문제 등 도덕적이지 못한 일로 남의 입에 오르내려 망신을 당할 우려가 크다. 과욕을 줄이는 노력이 필요한 살이다.,,,\n▷ 망신살이 연주에 있으면: 가까운 조상대에 주색으로 구설수에 오른 경우가 있을 수 있고 일찍부터 객지생활을 하거나 물려받은 가산을 탕진할 수도 있다. \n▷ 망신살이 월주에 있으면: 부모형제가 구설수에 오를 수 있어 집안이 불안하고 위태로운 생활의 연속이 될 수 있다. \n▷ 망신살이 일주에 있으면: 부부간에 정이 없고 수치를 모르는 격이라 백년해로하기 어렵고 재혼을 할 수도 있다. \n▷ 망신살이 시주에 있으면: 자식으로 인한 구설수에 휘말릴 수 있으며 말년 또한 편하지 않다. \n▷ 대운 세운에서 망신살을 만났을 때: 사업의 부도. 가산탕진 등의 어려움에 봉착하여 명예가 땅에 떨어지는 경험을 하게 된다.\n
장성살,\n▷ 문무를 겸비하여 권위를 드높이는 살입니다. 출세를 의미 \n▷ 강한 힘을 나타내는 말로써 출세나 승진 등 진취적인 기상으로 높은 관직에 오를 수 있음을 의미한다.,,,\n▷ 장성살이 연주에 있으면: 권력을 쥐게되어 여러사람을 통솔하는 위치에 오를 수 있다. \n▷ 장성살이 월주에 있으면: 사법관이나 경찰로 진출할 수 있으면 부모형제 중에 전쟁 등 국가를 위한 일로 전사한 사람이 있을 수 있다. \n▷ 장성살이 일주에 있으면: 자신은 부귀와 공명을 떨칠 수 있으나 부부사이는 좋지 않아 별거나 이별수가 있다고 본다. \n▷ 장성살이 시주에 있으면: 말년에 더더욱 고귀해지는 형태라 말년이 영화롭고 고귀한 생활을 할 수 있다고 본다. \n▷ 대운 세운에서 장성살을 만났을 때: 사업의 확장. 직장에서의 승진. 시험 합격은 물론 미혼자는 짝을 찾는 등 만사형통하며 인덕이 넘친다.\n
반안살,\n▷ 출세한다는 의미가 들어있는 살입니다. \n▷ 말의 안장에 오를 수 있음으로 승진이나 출세를 상징하는 좋은 의미가 있다.,,,\n▷ 반안살이 연주에 있으면: 조상덕으로 먹고 살 수 있는 운이라 평생 큰 걱정없이 영화로운 생활을 즐길 수 있다. \n▷ 반안살이 월주에 있으면: 부모형제와 정이 많고 큰 덕을 볼 수 있는 형태라 어떤일이던 큰 어려움 없는 생활을 할 수 있다. \n▷ 반안살이 일주에 있으면: 서로 상대를 위하는 마음이 극진해 부부간에 금슬이 좋고 서로간에 존중하며 화목하게 지낼 수 있다. \n▷ 반안살이 시주에 있으면: 자식이 많고 자식으로부터 효도를 받을 타입이라 영화로운 노년이 될 수 있다. \n▷ 대운 세운에서 반안살을 만났을 때: 반안살 대운이면 사업의 번창. 직장인의 승진. 집안은 화목해지고 새로운 일도 시작하게 된다고 본다. 반안살 세운이면 대운과 같으나 노인분이 있으면 우환도 생길 수 있다고 본다.\n
역마살,\n▷ 지살보다 의미가 강한 바쁘지만 실속이 없는 살입니다. 여행이나 해외 나들이 \n▷ 한곳에 머무르지 못하고 돌아다녀야 직성이 풀리는 살이다. 때에 따라 적극적으로 임하는 활동성을 포함한다고 본다.,,,\n▷ 역마살이 연주에 있으면: 어린나이에 객지로 떠돌며 고생을 할 수 있다. \n▷ 역마살이 월주에 있으면: 객지에서 사업을 하여 성공할 수는 있으나 안정된 거처를 두지못해 정신적으로 황폐한 생활이 될 수도 있다. \n▷ 역마살이 일주에 있으면: 부부의 정이 없어 인연이 바뀔 수 있으며 만년에는 홀로 사는 고독을 맛볼수도 있다. \n▷ 역마살이 시주에 있으면: 자식이 이민을 가거나 멀리 떨어져 살 수 있다. \n▷ 대운 세운에서 역마살을 만났을 때 : 직장의 변도이나 좌천. 해외 유학이나 이민. 운수업 종사 등의 일이 생긴다고 본다. 부부간에는 이혼이나 별거 등이 있을 수 있고. 어린 나이네 객지로 나가는 경우도 생긴다.\n
육해살,\n▷ 피곤으로 인해 여러가지 병이 생긴다는 살입니다. 신체와 육친과 관련된 질병 \n▷ 질병이나 화재 수재 등이 발생할 수 있으며 관재수에 휘말릴 가능성도 있다. \n▷ 여기서의 육해는 병고 재산탕진 가난 형벌 생사별 사망 등 6가지 변고를 나타낸다.,,,\n▷ 육해살이 연주에 있으면: 조상을 부정하는 격이라 양자로 가거나 본가와 인연을 끊을 수 있어 대를 잇기 힘들다고 본다. \n▷ 육해살이 월주에 있으면: 부모형제와 인연이 박하고 타인의 위해나 음해로 부모형제와 정이 적을 수 있다. \n▷ 육해살이 일주에 있으면: 부부의 정이 약해 외롭고 고독한 생활을 할 수 있으며. 광적으로 신앙에 빠져들 수도 있다. \n▷ 육해살이 시주에 있으면: 자손들에게 좋지않은 일이 생길 수 있고. 스스로도 말년을 고독하게 보낼 수 있다. \n▷ 대운 세운에서 육해살을 만났을 때: 압류나 부도 등의 재산상 손실이 생기고 부상이나 질병으로 수술을 할 수도 있다. 직장에서는 좌천이나 실직 등의 일이 생길 수 있어 종교에 의탁하는 경우도 생긴다.\n
화개살,\n▷ 영리하고 학문의 성취가 높은 살입니다. 귀인의 도움. 종교성 \n▷ 고독과 학문. 종교나 예술을 상징하며 인기에 관련된 일이나 종교와 관련된 일을 할 수도 있다. \n▷ 인생에서 만나는 인복에 따라 길흉화복이 달라진다고 알려지고 있다.,,,\n▷ 화개살이 연주에 있으면: 어린시절부터 객지로나가 고생을 할 운으로 본다. \n▷ 화개살이 월주에 있으면: 부모형제와 인연이 적고 가문을 지키기 위해 노력하는 타입이다. \n▷ 화개살이 일주에 있으면: 배우자와 인연이 적어 해로하기 어렵고 종교계에 뜻이 있어 그 쪽으로 나아갈 수 있다. \n▷ 화개살이 시주에 있으면: 만년에 영화로운 일이 생길 수 있으나 자식으로 인한 근심 또한 있을 수 있다. \n▷ 대운 세운에서 화개살을 만났을 때: 감수성이 발달해 총명하다는 소리를 들을 수 있다. 주색에 빠지거나 이성으로 인한 구설수가 있을 수 있다.\n