001,2006-02-05,계방산(1577.4m),강원 평창,운두령(1089m)- 1492봉- 계방산- 고개삼거리- 이승복생가터- 윗삼거리(노동리)로 하산..... ,약4시간 산행,,,○,,부중산,12,n,02
002,2006-03-05,소백산(1439m),경북 영주,삼가매표소- 비로사- 비로봉(소백산)- 어의곡으로 하산..... ,약4시간 산행,,,○,,부중산,13,n,03
003,2006-05-07,내변산(쌍선봉 관음봉),전북 부안,남여치- 관음약수- 쌍선봉(459.1m)- 낙조대- 375봉- 자연보호비- 직소폭포- 재백이고개- 관음봉(433m)- 내소사로 하산..... ,약4시간30분 산행,,,○,,부중산,15,n,05
004,2006-06-04,금수산(1015.8m),충북 제천,상학주차장- 절마당- 살개바위고개- 금수산- 돌뫼삼거리- 용담폭포- 상천휴게소로 하산..... ,약4시간 산행,,,○,,부중산,16,n,06
005,2006-07-02,삼악산(654m),춘천 서면,상원사입구(90m)- 상원사- 삼악산- 흥국사- 등선폭포- 폭포입구정류소..... ,약3시간 산행,,,○,,부중산,17,n,07
006,2006-08-06,열두개울,경기 연천,경기도 연천군 청산면 초성리 남청산.....,,,,○,,부중산,17A,n,08
007,2006-09-03,미인봉(596m) 신선봉(845.3m),충북 제천,미인봉(저승봉)입구- 미인봉- 680고지삼거리- 774봉- 835봉- 신선봉- 학현농산물직판장으로 하산..... ,약4시간30분 산행,,,○,,부중산,18,n,09
008,2006-10-01,신선봉(967m) 마역봉(927m),충북 괴산,안터마을입구(410m)- 할미바위- 신선봉- 895삼거리- 마역봉(마패봉)- 조령제3관문- 주차장으로 하산..... ,약4시간 산행,,,○,,부중산,19,n,10
009,2006-11-04,주왕산(720.6m),경북 청송,월외동(220m)- 달기폭포- 금은광이네거리- 내원마을삼거리- 3폭포- 정상- 대전사(1.2폭포)..... ,약6시간 이상 산행,,,○,,부중산,20,n,11
010,2006-12-03,화야산(754.9m),경기 가평,사기막골- 주능선- 화야산- 운곡암- 큰골로 하산..... ,약4시간 산행,,,○,,부중산,21,n,12
011,2007-01-07,선자령(1157.1m),강원 평창,대관령휴게소(840m)- 대관사- 항공무선표지소- 선자령- 초막골- 초막교로하산..... ,약4시간 산행,,,○,,부중산,22,n,01
012,2007-02-04,백덕산(1350.1m),강원 평창,문재터널(760m)- 1005봉- 작은당재- 삼거리- 백덕산- 삼거리- 작은당재- 운교리로 하산..... ,약4시간 산행,,,○,,부중산,23,n,02
013,2007-03-04,운악산(945m),경기 가평,동구주차장(170m)- 갈림길- 눈썹바위- 전망암- 운악산- 절고개- 동구주차장으로 하산..... ,약4시간 산행,,,○,,부중산,24,n,03
014,2007-05-06,마분봉(776m) 악희봉(845m),충북 괴산,은티주차장(280m)- 갈림길- 강산골- 675봉- UFO바위- 마분봉- 774봉- 은티재- 821봉- 악희봉- 샘골고개- 갈림길- 입석회관으로 하산..... ,약4시간 산행,http://cfile261.uf.daum.net/original/224CE94D533B7BCB30639A,마분봉과...... 그리고 악휘봉........<br>정말 즐거운 산행이었습니다... 구비구비 돌아가는 길목마다... 조망도 좋았고......<br>중간중간마다 나타나는 가파른 암벽구간은 정말 재미 있었습니다........<br>그리고.... 악휘봉 정상 바로밑에 우뚝선 선바위는...그냥 그대로 그림 이었지요.....<br>나중에..... 다시 와보고 싶은 생각이 드는.... 그런 산 이었습니다.........,○,,부중산,26,y,05
015,2007-06-01,응봉산(998.5m),강원 삼척,덕풍산장- 880전망대- 응봉산 정상- 작은당귀골- 3용소- 용소골- 2용소- 1용소- 덕풍산장..... ,약9시간15분 산행,http://cfile206.uf.daum.net/original/247D074650D03A29263C35,5월31일 22:00 조금은 들뜨기도하고... 한편으론 불안한 생각도 든다...<br><br>용소골은 너무위험하여 몇몇산악인들 에게만 조심스레 알려진 곳 이란다. 대략 15km에 이르는 계곡에 그비경을 감추고 있다.<br>위험지대의 안전시설물은 거의없다시피하며 특히 1.2.3용소를 통과하는데는 절벽을 타고 가야한다.<br>겨울철등반은 불가하며 여름철에도 계곡물이 불어날 경우 산행불가하다..<br><br>국내 제일의 오지이며... 그렇기 때문에 알려지지 않아서 그렇지.. 실제로는 국내 최대의 계곡이요.. 최고의 절경이며...<br>교통이 불편하고.. 코스 또한 길고 험한 외줄기 길이어서 전체 산행시간이 많이 걸리므로..<br>웬만한 산악인도 기피하는 곳이기에.. 다시 올 수 있을지 기약이 없다..<br><br>라고 하기에... 욕심이 동하여 덜컥 함께 가겠다고 약속은 했다마는......<br>내가 잘해낼수 있으려나.... 함께가는 친구들에게 짐이나 되지 않으려나...<br>초조한 마음을 애써 흔들어 떨치며... 심호흡을 하고 집을 나선다..<br><br>23:00 시내 모처... 만나기로 한 장소에서 십여분 기다리니 모두 모였다...<br>스타렉스 12인승.. 렌트 란다... 선발대 한명이 그곳 마을에 먼저 가 있고.... 나머지 여섯이서 차를타고 출발이다...<br>일정을 대충 예상해 본다... 04:00 쯤 도착에... 간단히 요기를 하고... 04:30 쯤이면 산행출발 하겠군...<br><br>영동 고속도로에 들어선다.. 태백으로 해서 가는 길이 지름길인 듯 한데... 밤에 어두운데다 험한 산길이 위험하니...<br>강릉 삼척으로 해서 간단다... 어쨌거나 핸들 꺾는건 운전수 맘이지....<br>여주휴게소에서 기름 넣고.... 강릉 지나서 한번 쉬었다... 운전교대도 하고...<br><br>04:00 아직도 한 30분 더가야 한단다... 04:30 도착할 시간이다.. 앞을 내다보며... 이정표를 찾는데... 없다..<br>그대로 한 10분 가다보니 차가 산길로 접어든다... 이상하다... 선발대에 전화를 하니 불통이다...<br>나중에 알았는데 휴대폰이 안 터진단다.. 새벽부터 민박집으로 몇차례 전화를 하고 수선을 피운 끝에 계곡 입구를 찾았다...<br>밤이라 잘 안보여서... 모르고 그냥 지나쳤던 거다...<br><br>계곡을 왼쪽으로 끼고 비포장도로를 올라가다 철제 다리를 세개던가?... 건넌다.<br>양쪽 난간이 좁아 차가 겨우 지나가는 좁은 다리다... 큰차는 아예 못간다..<br>사진을 찍어두고 싶었으나... 비포장도로에 좁은 차안에서... 이내 포기했다..<br><br>그렇게 한참을 올라가니 민박집에 도착했다... 05:00<br><br>민박집에서 차려준 토속적인 음식으로 아침을 맛있게 먹고나니...<br>날이 훤히 밝아 버렸다.. 출발에 앞서 대충 기념촬영을 하고....<br>산행출발.......... 06:00<br><br>초반부터 산세가 좀 가파르다... 완급이 없고 계속 똑같은 경사로 올라간다...<br>한시간쯤 오르니... 곳곳에 벼락맞은 아름드리 나무들이 뒹굴고 있고.. 원시의 숲.. 그대로다..<br>낙엽은 발목까지 덮여... 지금이 봄.여름이 아니고... 가을인 듯 싶다...<br><br>등산로도 좁은데다 낙엽이 덮여있고 한발짝만 벗어나게 디디면 미끌어져... 영락없이 산 밑까지 굴려내려갈 판이다.<br>잔 나무가지들이 자라나서 가려져.. 길 찾는 것도 보통일이 아니다...<br>산은 육산이었고.. 나무가 우거져 조망은 그리 좋지 않았다...<br><br>중간에 두번 쉬고... 마지막 정상부근에서 약 10여분 깔딱고개가 있었을 뿐.. 전반적으로 산은 그리 어렵지 않았다...<br>998.5m 응봉산 정상 도착 08:40 정상석은 매우 컸는데 1000m 를 넘기려고 일부러 그랬다는 말이 들려왔다..<br>여기서 백암산. 통고산. 함백산. 태백산 등이 보인다고 한다.. 멀리 동해바다와 주변 산봉을 조망하면서 기념촬영을 하고...<br>새참을 겸하여.. 간단히 요기를 한 뒤... 하산 출발 09:15<br><br>정상부근에서 만난 이정표는 살벌했다.. 거의 협박에 가까웠다.. 하산길도 역시 마찬가지.. 급경사였다..<br>작은당귀골 도착 10:00 야~.. 물이다... 물이 참 맑다... 이제부터 끝없는 계곡길이 시작이다...<br><br>작은당귀골을 따라 10분쯤 내려가니 큰당귀골과의 합수지점이 나온다...<br>여기서 큰당귀골 상류쪽으로 10분쯤 거리에 제3용소가 있다...<br>제3용소 도착 10:20 폭포가 매우 아름답다.. 다시 하류쪽으로 이동한다<br><br>내려가는 곳곳에 널찍하고 무릎이나 허리쯤 깊이의 물 웅덩이가 많았다..<br>다른 곳에 가져다 놓으면 <선녀탕>이라고 이름 붙여질 만한... 그런곳이 수두룩 한데도...<br>이곳에선 이름조차 없고 굴러다니는 돌맹이 취급한다..<br><br>지나다 보니 계곡 한가운데에 키 큰 나무한그루가 서있는데... 나무가지 꼭대기에 뭔가가 걸려있다...<br>아마도 비가 많이 왔을때 저 높이까지 물이 찼을테고.. 그때 걸렸으리라..<br>중간에 널찍한 바위에 앉아 쉬면서 버들치 잡으며 잠시 놀고 (약 30분)<br><br>이곳 계곡은 협곡이었다... 양쪽에 절벽이 둘러져 있고.. 폭이좁다.<br>등산로가 따로 있는게 아니고 계곡을 좌우로 넘나들며 내려가야 한다..<br>비가 오면 사람이든 물살이든 빠져나갈 데가 없다.. 조난사고도 많단다..<br><br>계곡이 90도로 꺾여진 곳... 암벽 벽에 구덩이처럼 파였다.. 물살이 암벽 저 높은 곳을 때려서... 저만큼이나 크게 파였다 한다...<br>물살을 상상하니 돌연 소름이 돋는다..<br><br>누군가 지성스레 돌탑을 쌓아 놓았다... 그 뒤로 어떤 모습이 보인다...<br>나는 어렴풋한 그 모습에서 앉아있는 부처님 상을 본다...<br><br>끝도 없이 이어지는 계곡... 점점 지겨운 생각이 든다... 선녀탕처럼 생긴 것들도.. 너무 많이 보니 시큰둥 해 진다..<br>처음엔 재미있던 계곡길.. 특히 암벽에 붙어서서 내려가는 길도 싫어지고..<br>자갈이라기엔 조금 큰 돌길은 지리멸렬하다... 걷기가 귀찮다...<br><br>제2용소 13:25 높이가 8~9m 는 돼 보인다.. 밧줄을 따라 내려선다..<br><br>요강소 14:00 거참 묘하게 생겼다..<br><br>제1용소 14:05 이곳에서 마을사람들이 해마다 제를 지낸다고 한다..<br>이곳은 절벽이 90도 꺾여 있어... 폭포를 정면에서 촬영하기가 어렵다..<br><br>물속에 들어가 땀도 식히고 물장구치고 (약 30분) 놀다가 민박집 도착하니 15:15 뒷풀이 겸 식사를 하고나서...<br>귀경길에 오른다... 17:00 집에 도착하니 23:00.. 수고 참 많았다.. 25시간만에 집에 돌아 왔다..<br><br>▣ 등산 2시간40분.. 하산 6시간..<br>▣ 총산행시간 9시간15분 ( 06:00 ~ 15:15 ) ,○,○,산술애,17A,y,06
016,2007-06-03,노인봉(1338.1m),강릉 연곡,진고개(980m)- 노인봉- 대피소- 낙영폭포- 구룡폭포- 금강사- 주차장으로 하산..... ,약5시간 산행,http://cfile232.uf.daum.net/original/1867FA4D4EE5814B29241D,,○,,부중산,27,y,06
017,2007-07-01,대야산(930.7m),경북 문경,벌바위삼거리(260m)- 용추- 월영대- 밀재- 815봉- 대야산- 피아골계곡으로 하산..... ,약4시간30분 산행,http://cfile252.uf.daum.net/original/275B67365179144C0E071C,,○,,부중산,28,y,07
018,2007-07-26,북한산 원효릿지,경기 고양,산성매표소- 시구문- 원효봉- 북문- 염초봉 측사면- 백운대 측사면- 산성계곡- 주차장..... ,약5시간30분 산행,http://cfile206.uf.daum.net/original/1470FC384F8CB11B3FABB5,2007. 7. 26 목요일 오후 늦게 16:00쯤 산행시작... 북한산 원효봉을 올랐습니다....<br>딴에는 일몰과... 서울 야경을 맘껏 감상하려는 속셈이 따루 있었지요....<br>원효봉을 넘고... 염초봉 쪽 사면을 지나... 백운대 쪽으로 향하려던 순간.... 갑자기 한사람 다리에 쥐가 나..<br>약간의 아쉬움과 함께 여운을 남기고.. 중도하산 했습니다.... 산행종료 21:30<br>뿌연날씨로 만족스럽지는 않지만.. 그래도 좋았습니다... 즐감 하세요...,○,○,산술애,,y,07
019,2007-08-12,소리산(479m),경기 양평,돌고개마을- 삼거리 갈람길- 소리산- 삼거리 갈림길- 고로쇠마을로 하산..... ,약2시간30분 산행,http://cfile203.uf.daum.net/original/26692C4A525A05B433086E,,○,,부중산,29,y,08
020,2007-09-02,희양산(998m),충북 괴산,은티마을(280m)- 해골바위- 성곽갈림길- 희양산- 갈림길- 지름티재- 은티마을로 하산(원점회귀)..... ,약5시간 산행,http://cfile227.uf.daum.net/original/2550C038550EB360133B1D,,○,,부중산,30,y,09
021,2007-10-07,대둔산(877.7m),전북 완주,배티재(340m)- 낙조대- 대둔산(마천대)- 삼선계단- 금강구름다리- 동심바위- 주차장으로 하산..... ,약4시간30분 산행,http://cfile226.uf.daum.net/original/147CA14D4F819AAE089CD0,,○,,부중산,31,y,10
022,2007-12-02,해명산(327m),경기 강화,전득이고개(100m)- 해명산- 방개고개- 낙가산- 보문사로 하산..... ,약3시간30분 산행,,,○,,부중산,33,n,12
023,2008-02-03,북한산(837m),경기 고양,산성매표소- 위문- 백운대- 용암문- 대동문- 보국문- 대성문- 대남문- 대서문- 산성매표소로 원점회귀 하산.....,,,,○,,,,n,02
024,2008-02-17,함백산(1573m),강원 태백,만항재- 함백산- 중함백- 사거리안부- 정암사갈림길- 은대봉- 싸리재- 두문동마을로 하산..... ,약6시간 산행,http://cfile207.uf.daum.net/original/276D824A50D0153C1D9017, <<< 2008.02.17 함백산 정기산행을 마치고....>>><br><br>함백산 산행일이다. 주섬주섬 이것저것 챙겨 집을 나선다...<br>반가운 얼굴들이 보인다. 벌써들 와서 있네... 두루 인사를 하고 버스에 오른다...<br>오전 07:00 집결지 버스출발... 모처럼만의 원거리 산행이라서 그런가?... 느낌이 다소 생소한 듯도 하고...<br>심호흡을 하며... 괜히 한번 두리번거려 본다.<br><br>오전 11:20 산행지 도착... 예상보다 일정이 좀 늦어진 감이 있다....<br>10시반이나 늦어도 11시 이전엔 출발 해야 하지 않을라나... 생각하며 준비를 서두른다... 그런데.. 인파가 너무 많이 몰렸다...<br>우리 말고도 버스가 열몇대쯤은 되나부다... 히유~<br><br>오전 11:40 산행 출발.. 정상까지는 그리 멀지 않았다.. 그런데 사람이 많다보니 반은 걷고 반은 서서 기다리는 시간이다...<br>오후 13:00 함백산 정상 도착... 표지석 근처엔 너무 많은 사람이 진을 치구 있어서 우선 밥부터 먹기로 했다...<br>점심 상차림에 대해서는 생략... 밥 먹느라고 난 아무것두 못 봤음.. ㅎ~<br>오후 14:00 식사 종료... 오후 14:30 기념촬영 후 하산 출발 (싸리재를 향하여....)<br><br>산행내내 눈이 많아 재미는 쏠쏠했다... 길에서 한걸음만 벗어나면... 무릎위까지 푹 빠졌다...<br>항상 나뉘는 거지만 선두는 개척정신으로 똘똘 무장된 진로 개척팀... (사실 뭐 따지구 보면.. 진로개척이라구 할 것까진 없지만서두...)<br>후미엔 썰매타는 재미에 도끼자루 썩는 줄 모르는 눈썰매팀... 그렇게 자연스레 나뉘어 갔는데...<br>하산거리가 제법 긴데다 코스도 좋아서... 아무래도 눈썰매팀에는 나중이래도 추가요금을 받아야 하는거 아닌지 싶다...<br><br>오후 16:50 싸리재 도착... 경치구경하며.. 사진 찍으며.. 내려오니 조금 더 걸렸나 보다..<br>이정표에는 두문동재로 되어 있었다.. 행정명과 주민들 쓰는게 다른 모양... 느낌이나 부르기는 순우리말인 싸리재가 훨씬 나은 듯 한데.. ㅎ~<br>원래 여기서 버스를 만나기로 했었는데 눈이 너무 많이 쌓여... 버스가 못 올라온단다.... 할 수 없지... 우리가 걸어야지... ㅎ~<br>꼬불탕 고갯길을 이리돌고.. 저리돌고... 돌고 또돌고.. 이건 아니지 싶다... 비탈길로 직행하기로 했다... 걷는 재미도 더 나았다...<br><br>오후 17:30 싸리재 아래 마을... 버스 대기장소 도착<br>올라오는 길에... 영월 단종능 바로 옆에 유명한 보리밥집이 있다고 해서... 저녁을 먹고 왔는데... 빈 소문이 아니고 정말 맛이 괜찮았다...<br>귀환 도착시간이 좀 늦어져서 많은분들에게 민폐 끼칠까 염려 스러웠지만... 그래도 너무 늦지 않아서 그중 다행인 듯 싶다....<br><br>조금은 편안한 마음으로... 모처럼 즐거웠던 오늘.. 하루를 덮는다.. ,○,,,,y,02
025,2008-03-16,소백산(1439m),충북 단양,어의곡- 비로봉- 연화봉- 희방사로 하산..... ,약5시간 산행,http://cfile281.uf.daum.net/original/173E224E50416F6C1EF91C,,○,,,,y,03
026,2008-03-30,북한산(837m),경기 고양,산성매표소- 원효봉- 북문- 위문- 용암문- 동장대- 시산제 후.....- 대동문- 산성매표소로 원점회귀 하산.....,,,,○,,,,n,03
027,2008-04-20,치악산 비로봉(1288m),강원 횡성,황골- 입석사- 비로봉- 사다리병창- 구룡사로 하산..... ,약6시간 산행,http://cfile233.uf.daum.net/original/20187C5050C935DC26FDF4,,○,,,,y,04
028,2008-05-18,쌍선봉(459.1m) 관음봉(433m),전북 부안,남여치(100m)- 쌍선봉- 월명암- 375봉- 직소폭포- 재백이고개- 관음봉- 내소사로 하산..... ,약5시간 산행,http://cfile213.uf.daum.net/original/1656864F4FE8256C1B463F,,○,,,,y,05
029,2008-06-01,관악산 육봉팔봉,경기 과천,정부과천청사- 마당바위- 문원폭포- 육봉능선- 소나무쉼터- 국기봉- 팔봉능선- 왕관바위- 안양유원지..... ,약7시간 산행,http://cfile300.uf.daum.net/original/255A803454D6E3B9361094,,○,○,,,y,06
030,2008-06-14,사량도 지리망산(397.8m),경남 통영,돈지선착장- 지리망산- 달바위봉- 옥녀봉- 금평항으로 하산..... ,약4시간 산행,http://cfile236.uf.daum.net/original/183EFA3A509CC5F210F0D6,,○,○,,,y,06
031,2008-08-10,용화산(878.4m),강원 춘천,양통교- 큰고개- 정상- 도투메기골- 합수점- 양통교..... ,약6시간 산행,http://cfile248.uf.daum.net/original/15262C0D4B89FBF8800577,,○,,,,y,08
032,2008-08-17,문바위봉(596.8m),강원 원주,칠봉교(110m)- 416.9봉- 문바위- 문바위봉- 500봉- 395봉- 고들계곡- 칠봉마을로 하산..... ,약3시간30분 산행,http://cfile227.uf.daum.net/original/125A10124C71CE1357E655,,○,,,,y,08
033,2008-09-21,금오산(976.6m),경북 구미,전망대주차장- 도수령- 금오산- 성안- 칼다봉- 대혜담- 도선굴- 해운사- 케이블카타는곳- 상가주차장 하산..... ,약4시간30분 산행,http://cfile209.uf.daum.net/original/171EFC4F50065EA22EEA8A,,○,,,,y,09
034,2008-10-12,청옥산 두타산,강원 삼척,삼화사- 하늘문- 문간재- 청옥산- 박달령- 두타산- 산성갈림길- 산성터- 무릉계곡- 삼화사..... ,약11시간30분 산행,http://cfile213.uf.daum.net/original/1605990D4A9EDB151B6A90,,○,,,,y,10
035,2008-10-19,청량산(870.4m),경북 봉화,입석(380m)- 김생굴- 841봉- 자소봉- 뒷실고개- 하늘다리- 청량산(장인봉)- 뒷실고개- 청량사- 선학정로 하산..... ,약4시간 산행,http://cfile295.uf.daum.net/original/18273A1649EEA047A37045,청량산 12봉: 장인봉. 외장인봉. 선학봉. 자란봉. 자소봉. 탁필봉. 연적봉. 연화봉. 향로봉. 경일봉. 금탑봉. 축륙봉,○,○,,,y,10
036,2008-10-24,도락산(964.4m),충북 단양,상선암주차장- 제봉- 신선봉- 도락산(정상)- 채운봉- 큰선바위- 상선암주차장..... ,약5시간10분 산행,http://cfile210.uf.daum.net/original/1149294F505165810E9BDB,,○,,산술애,33,y,10
037,2008-10-26,도봉산,경기 의정부,망월사역- 원도봉계곡- 망월사- 포대능선- Y계곡- 신선대(정상)- 마당바위- 도봉계곡- 도봉산역..... ,약8시간 산행,http://cfile224.uf.daum.net/original/1317F94B4EB6B7E639D63A,,○,,,,y,10
038,2008-11-16,오서산(790.7m),충남 보령,상담종점(60m)- 정암사- 전망바위- 오서산- 550고지- 성연리로 하산..... ,약4시간 산행,http://cfile233.uf.daum.net/original/1323DC184B2861265CCB95,,○,,,,y,11
039,2008-12-14,불암산 수락산,서울 도봉,중계동- 학도암- 봉화대- 불암산- 덕능고개- 540봉- 수락산- 홈통바위- 524봉- 동막골- 회룡역..... ,약7시간30분 산행,http://cfile217.uf.daum.net/original/180134254BC5561E3FA80C,,○,,,,y,12
040,2008-12-21,국망봉(1167.2m),경기 포천,생수공장(210m)- 전망바위- 국망봉- 신로령- 광산골계곡으로 하산..... ,약5시간30분 산행,http://cfile221.uf.daum.net/original/2249A347511B742E1F6FE5,,○,,,,y,12
041,2009-01-04,괘방산,강원 강릉,안인진리주차장- 괘방산성- 삼우봉- 괘방산- 삼거리- 183고지- 정동진..... ,약4시간 산행,http://cfile205.uf.daum.net/image/1623B6164B3425CC8CCE54,,○,,,,y,01
042,2009-01-15,덕유산,전북 무주,안성매표소- 동엽령- 송계삼거리- 중봉- 향적봉(정상)- 백련사- 구천동계곡- 주차장..... ,약6시간30분 산행,http://cfile230.uf.daum.net/original/18748C4750F6523D190E8A,,○,,산술애,36,y,01
043,2009-02-01,소요산,경기 동두천,주차장- 일주문- 옥류폭포- 중백운대- 칼바위- 나한대- 의상대(정상)- 공주봉- 주차장..... ,약6시간 산행,http://cfile233.uf.daum.net/original/154B7F4A50A9C7BE3497BB,,○,,,,y,02
044,2009-02-15,가리왕산(1560.6m),강원 정선,장구목이골입구(400m)- 임도- 주능삼거리- 가리왕산- 주능삼거리- 중봉삼거리- 숙암분교로하산..... ,약5시간 산행,http://cfile219.uf.daum.net/original/1176B3374FB5CF772FF90F,,○,,,,y,02
045,2009-04-05,민주지산(1242m),충북 영동,물한리주차장- 쪽새골- 민주지산- 석기봉- 삼도봉- 물한리주차장..... ,약6시간30분 산행,http://cfile292.uf.daum.net/original/12178D3A4FDEE6CE032CA6,,○,,부중산,49,y,04
046,2009-04-10,불곡산(470.7m),경기 양주,유양2통 마을회관- 악어바위능선- 임꺽정봉- 상투봉- 불곡산 정상(상봉)- 양주시청..... ,약4시간30분 산행,http://cfile222.uf.daum.net/original/1964644050D80D972890E4,,○,○,,,y,04
047,2009-04-19,도락산(964.4m),충북 단양,상선암휴게소(280m)- 상선암- 제봉- 신선봉- 도락산- 내궁기로 하산..... ,약5시간30분 산행,http://cfile229.uf.daum.net/original/123714414E241AE42A0165,,○,,,,y,04
048,2009-04-23,비슬산(1084m),대구 달성,비슬산 자연휴양림- 대견사지- 1034봉- 팔각정- 959봉- 유가사계곡- 유가사- 주차장.....<br>팔각정에서 되돌아 반대로 돌아야 하는데.... 그냥 직진하는 바람에 대견봉 정상을 가지 못했다.....,약4시간 산행,http://cfile284.uf.daum.net/original/1909534C4D8E9F3A512258,,○,,산술애,39,y,04
049,2009-06-04,설악 용아장성릉,강원 인제,백담사 입구- 백담사- 영시암- 수렴동대피소- 옥녀봉- 용아장성- 봉정암- 구곡담계곡- 백담사.....,,http://pds89.cafe.daum.net/image/2/cafe/2008/09/16/11/22/48cf1846d77fe,첫째날...  입산에서 만경대까지....<br><br>용아장성능...<br>얼마나 오랜시간 동안을 고대하고... 또 염원하였었던가.....<br>작년 이맘때부터 벼르고 별러서 떼를 쓰다시피하여 겨우 마련한 산행이었다...<br><br><산행계획><br>1. 산행 기간 : 2009년 6월 2일 (화) ~ 4일 (목) / 1무 1박 3일<br>2. 산 행 지 : 설악산 (용아장성)<br>3. 산행 인원 : 7명<br>4. 산행 일정 계획 : 실제로는 천둥 번개 폭우로 인하여 용아장성 외에는 실행하지 못하였음<br>...1) 2일 21:00 출발 (김포공항 국내선청사)<br>...2) 3일 01:00 산행 시작 (백담사 매표소)<br>......05:00 용아장성 진입 (수렴동 대피소)<br>......14:30 용아장성 탈출 (봉정암)<br>......16:00 소청대피소 도착 (일몰시각 19:44)<br>...3) 4일 03:50 기상<br>......04:50 해맞이 (대청봉 / 일출시각 05:03)<br>......07:00 하산<br>(소청대피소-봉정암-구곡담계곡-수렴동계곡-백담사)<br>......12:00 셔틀버스 승차 (백담사 - 매표소)<br>......13:30 뒷풀이 (속초시 대포항)<br>......15:30 귀경<br>......19:30 해산식 (공항동)<br><br>5. 산행 실시 일정 :<br>...1) 2일 21:00 출발 (김포공항 국내선청사)<br>...2) 3일 01:00 산행 시작 (백담사 매표소)<br>......07:00 수렴동 대피소 도착 및 폭우 대피/휴식<br>......11:45 수렴동- 만경대- 오세암- 수렴동 회귀 후 휴식 및 등산복/신발 건조<br>...3) 4일 03:50 기상<br>......04:20 산행 출발<br>......05:00 용아장성 진입 (옥녀봉)<br>......11:50 용아장성 탈출 (봉정암)<br>......12:00 하산<br>(봉정암-구곡담계곡-수렴동계곡-백담사)<br>......17:00 셔틀버스 승차 (백담사 - 매표소)<br><br><산행> 계획된 일정대로 6월2일 21:20경 감개무량한 출발을 했다.<br>그러나 설악산을 향하는 시간 내내 불안감을 떨구지 못한다...<br>오늘 낮에 오후3시쯤 천둥번개와 함께 폭우가 내린 터였다.<br>일주일이상 맑은날씨를 이어오다가... 하필이면 오늘 비가 내린담~.. 투덜대며...<br>도착하기 전에 날씨가 어서 개이기 만을 고대해 본다...<br><br>그러나...<br>명승은 그리 호락호락하게 모습을 보여주지 않는다던가?...<br>홍천을 지나면서 조금씩 떨어지던 빗방울이 점점 굵어지더니...<br>천둥번개를 동반한 빗줄기가 점점 거세어 진다...<br><br>00:30 백담사 입구 도착 즈음엔 제법 많이 쏟아지고 있었다..<br>우리는 산행을 계속할건지?.. 말건지?.. 의견이 분분하였으나...<br>일단은 야참을 먹으면서... 계속 의논을 했다...<br>- 산행을 취소하고 돌아가야 하지 않을까?<br>- 빈손회귀는 섭섭하니.. 근처 다른산이라도 갈까?<br>- 전국적 날씨이니 산행은 포기하고... 회나 좀 먹고 갈까?<br><br>그러나 이내 결론이 났다.<br>- 아무때고 올 수 있는 보통의 산행이라면 포기 하겠으나...<br>현재의 핵심멤버들이 함께 휴가 스케쥴을 맞추기위해..<br>작년부터 계획해 온 산행이고  내일은 날씨가 개인다...<br><br>일단 수렴동까지 들어가서.. 기다리면서 상황을 보자...<br>새벽에라도 날이 개이면 예정대로 진행을 하는 거고...<br>만일 비가 계속 오면 일정을 바꾸어 대청을 포기하면서<br>오늘 하루를 버리고.. 내일 용아장성에만 전념을 하자...<br><br>다행히 내일 날이 개이면 용아장성이라도 건지는 거고..<br>또 비오면 그땐 모두포기하고 회 먹으러 가도 늦지않다는 내말에 모두 동의한 것...<br><br>비때문에 조금 늦었지만 드디어 야간산행이 시작되었다..<br>용대리.. 백담사 입구에 주차를 하고... 시멘트로 포장된 도로를 따라 올라간다....<br><br>캄캄한 밤...<br>백담계곡은 금방이라도 넘쳐나올 듯 굉음을 내고 흘렀고...<br>.우르릉~ 쾅.... 간간이 천지를 부숴버릴 듯한 천둥번개가 이어졌으며...<br>그때에 누군가가 .죄진 사람 옆엔 위험하니 가지마.라 했고...<br>또 다른 누가 .요즘 삑사리 땜에 되려 죄진사람이 더 안전해~.고 했다...<br><br>그런 얘기들을 들으면서 걷다보니.. 갑자기 궁금해 졌다..<br>.그럼 벼락칠 때 난 어떡해야 하능 겨~?.<br><br>줄기차게 쏟아지는 폭우속에서... 발에서 부터 옷은 점점 젖어오고...<br>산속의 모든 것들이 그러하듯이... 우리도 그 산속 구성의 하나가 되어...<br>우린 그렇게 서서히 분위기에 젖어 들어가고 있었다...,○,○,산술애,40A,y,06
050,2009-06-21,설악 십이선녀탕,강원 인제,장수대- 대승폭포- 대승령- 복숭아탕- 십이선녀탕계곡- 남교리..... ,약6시간 산행,http://cfile299.uf.daum.net/image/161F90124C6C6AA266DC6B,,○,,,,y,06
051,2009-07-12,이끼폭포,강원 삼척,소재말 차단기- 국시재- 이끼폭포- 국시재- 소재말 차단기..... ,약2시간30분 산행,http://db.kookje.co.kr/news2000/photo/2009/0717/l20090717.22017210457i2.jpg,,○,,,,y,07
052,2009-07-21,설악 흘림골,강원 양양,흘림골- 여심폭포- 등선대- 용소폭포- 오색약수..... ,약5시간30분 산행,http://cfile260.uf.daum.net/original/131F15464DE4D60A1FB008,,○,,산술애,42,y,07
053,2009-08-05,사패산(552m),경기 양주,원각사입구- 원각2폭포- 원각1폭포- 사패산- 안골폭포- 범골능선- 원각사입구..... ,약5시간 산행,http://cfile267.uf.daum.net/original/133D441349A296686209AB,,○,,,,y,08
054,2009-08-17,중원산(817m) 도일봉(864m),경기 양평,주차장- 중원산능선- 중원산- 단월봉- 싸리재- 싸리봉- 도일봉- 중원계곡- 주차장..... ,약5시간 산행,http://cfile289.uf.daum.net/image/15053D104A8A2CD36E0593,,○,,산술애,43,y,08
055,2009-08-22,마차산(588.4m),경기 동두천,소망기도원- 마차산- 전망대바위- 마차산- 소망기도원..... ,약5시간 산행,http://cfile255.uf.daum.net/image/13631F0E49F65B4148B55A,,○,,,,y,08
056,2009-09-06,청계산(618.2m),서울 서초,양재트럭터미널- 옥녀봉- 매봉- 석기봉- 이수봉- 옛골..... ,약7시간30분 산행,http://cfs2.blog.daum.net/image/22/blog/2007/06/22/13/44/467b538d70641,,○,,,,y,09
057,2009-09-10,가은산(575m),충북 제천,상천휴게소- 얼굴바위- 가은산- 둥지봉- 벼락맞은바위- 새바위- 옥순대교..... ,약6시간 산행,http://cfile205.uf.daum.net/image/1649A31B4A7644888CA65D,,○,○,,,y,09
058,2009-09-20,덕유산(1614m),전북 무주,무주리조트- 곤돌라- 설천봉- 향적봉- 중봉- 송계삼거리- 동엽령- 칠연계곡- 안성매표소..... ,약5시간30분 산행,http://cfile287.uf.daum.net/original/187BE9224A8D47E8296F1D,,○,○,,,y,09
059,2009-10-11,설악산(1708m),강원 양양,한계령- 서북능선- 끝청- 대청봉- 소청- 희운각- 천불동계곡- 신흥사- 설악동..... ,약11시간30분 산행,http://cfile229.uf.daum.net/image/19280F114AD5DE441D5CEE,,○,,,,y,10
060,2009-10-15,설악 흘림골,강원 양양,흘림골- 여심폭포- 등선대- 용소폭포- 오색약수..... ,약4시간 산행,http://cfile260.uf.daum.net/original/131F15464DE4D60A1FB008,,○,,,,y,10
061,2009-10-18,월출산(808.7m),전남 영암,천황사- 구름다리- 사자봉- 천황봉- 구정봉- 미왕재- 도갑사..... ,약8시간 산행,http://cfs11.blog.daum.net/image/24/blog/2008/03/16/08/20/47dc59b38266c,,○,,,,y,10
062,2009-10-22,제비봉(721m),충북 단양,장회나루매표소- 545봉- 제비봉- 545봉- 장회나루매표소..... ,약3시간30분 산행 + 유람선1시간,http://cfile273.uf.daum.net/original/133F38434FC8694A200074,,○,,산술애,45,y,10
063,2009-11-01,옥순봉(283m) 구담봉(335m),충북 단양,계란재- 삼거리- 구담봉- 철모바위- 강변- 옥순봉- 삼거리- 계란재..... ,약4시간30분 산행,http://cfs13.blog.daum.net/original/24/blog/2008/10/12/23/10/48f20553b873a,,○,,,,y,11
064,2009-11-04,팔봉산(361.5m),충남 서산,양길주차장- 1봉- 2.3.4.5.6.7.8봉- 7.6.5.4.3.2.1봉- 양길주차장..... ,약3시간40분 산행,http://cfs12.blog.daum.net/image/30/blog/2008/05/12/10/50/4827a2633d750,,○,,,,y,11
065,2009-11-15,쇠뿔바위봉(465m),전북 부안,어수대- 검무정골- 쇠뿔바위봉- 서쇠뿔- 동쇠뿔..... ,약4시간30분 산행,http://cfile209.uf.daum.net/original/1377530B4BCF912270EF2B,,○,,,,y,11
066,2009-11-20,삼악산(654m),강원 춘천,강촌육교- 등선봉- 청운봉- 용화봉- 상원사- 삼악산장..... ,약5시간 산행,http://cfile213.uf.daum.net/original/2078CC434EF4150635EC99,,○,○,산술애,46,y,11
067,2009-11-29,북한산 숨은벽,경기 고양,효자2동(밤골)- 국사당- 숨은벽능선길- 해골바위- 전망대- V협곡- 백운대피소- 도선사입구- 우이동 하산..... ,약4시간 산행,http://cfile226.uf.daum.net/image/2003A0284B133D165D7B02,,○,,,,y,11
068,2009-12-20,주금산(813.6m),경기 포천,몽골문화촌- 비금계곡- 605봉- 독바위- 주금산정상- 시루봉- 비금계곡- 몽골문화촌..... ,약4시간20분 산행,http://cfile204.uf.daum.net/original/1623DB1D4BA196736F711E,,○,,,,y,12
069,2009-12-28,북한산 숨은벽,경기 고양,사기막골- 밤골갈림길 삼거리- 해골바위- 구멍바위- V협곡- 위문- 백운대- 산성계곡- 대서문- 주차장..... ,약6시간30분 산행,http://cfile249.uf.daum.net/image/12522D124B3ABD81204433,원래는 상장능선이 목표였으나.... 불시에 통제강화되어 일제단속을 한다니....<br>부득이 코스를 변경할 수 밖에 없었다.....,○,,산술애,47,y,12
070,2010-01-03,소백산(1439.5m),충북 단양,삼가리- 비로사- 정상(비로봉)- 천동계곡- 다리안폭포- 주차장..... ,약5시간 산행,http://cfile208.uf.daum.net/original/167BB7034AE95A2B833735,,○,,,,y,01
071,2010-01-21,오대산(1563m),강원 평창,상원사- 중대암- 적멸보궁- 비로봉정상- 상왕봉- 두로봉갈림길- 상원사주차장..... ,약6시간 산행,http://cfile287.uf.daum.net/image/177995164B1E193F20A85F,,○,,산술애,48,y,01
072,2010-01-31,왕방산(737.2m),경기 동두천,오지재- 왕방산- 국사봉(심곡산)- 새목고개..... ,약4시간 산행,http://cfile234.uf.daum.net/image/1737E91D4ACC3AC4878E81,,○,,,,y,01
073,2010-02-07,소백산(1439m),충북 단양,어의곡리- 매표소- 어의계곡- 비로봉정상- 민백이재- 주목관리사무소- 삼거리- 천동리..... ,약5시간 산행,http://pds73.cafe.daum.net/image/14/cafe/2008/06/11/20/27/484fb6b0a5149,,○,,부중산,59,y,02
074,2010-02-21,갈기산(595m) 월영산(528.6m),충북 영동,바깥모리주차장- 능선길- 갈기산- 말갈기능선- 소골재- 성인봉- 비들목재- 월영산- 서봉- 천내리..... ,약5시간20분 산행,http://cfile268.uf.daum.net/image/126303274A66A5F9063A9D,,○,,,,y,02
075,2010-03-11,북한산 숨은벽,경기 고양,국사당- 밤골계곡- 폭포- 능선길- 해골바위- 전망대- 구멍바위- 위문- 백운대- 산성계곡입구- 국사당..... ,약6시간 산행,http://cfile298.uf.daum.net/image/110B68254B99BF516EEC45,코스도 내맘대로 이고 시간약속도 필요없는 홀로산행 이기에.....<br>마냥 늑장을 부리다가 느즈막히 10:40 쯤 돼서야 집을 나섰다.....,○,,,,y,03
076,2010-03-20,주작산(475m) 덕룡산(420m),전남 해남,오소재- 암릉- 작천소령- 남주작산- 작천소령- 주작산- 첨봉- 서봉- 덕룡산동봉- 만덕광업(향촌리)..... ,약9시간 산행,http://cfile229.uf.daum.net/image/161503034B2ADAFD6956E5,,○,○,,,y,03
077,2010-03-21,만덕산(411.6m),전남 강진,석문교- 용문사- 능선길- 바람재- 만덕산정상(깃대봉)- 백련사- 다산초당- 만덕리주차장..... ,약5시간30분 산행,http://cfile246.uf.daum.net/original/1412C14A50581CD20101BA,,○,,,,y,03
078,2010-03-29,마니산(469m),경기 강화,정수사입구- 정수사- 절고개- 암릉길- 마니산정상- 참성단- 마니산- 암릉길- 절고개- 정수사입구..... ,약4시간30분 산행,http://cfs13.blog.daum.net/original/15/blog/2008/10/11/16/50/48f05ab7e1148,,○,,,,y,03
079,2010-04-11,구봉산(1002m) 운장산(1126m),전북 진안,상양명주차장- 1봉~8봉- 구봉산정상(천왕봉)- 복두봉- 각우목재- 운장산 동봉- 내처사동..... ,약7시간20분 산행,http://cfile234.uf.daum.net/original/11432E1A4B20373E24B63A,,○,○,,,y,04
080,2010-04-21,계룡산(845.1m),충남 공주,동학사주차장- 천장골- 큰배재- 오뉘탑- 삼불봉- 자연성릉- 관음봉- 은선폭포- 동학사- 주차장..... ,약6시간 산행,http://cfile241.uf.daum.net/original/182364524D296D0A18F475,,○,○,산술애,51,y,04
081,2010-05-02,아미산(635m),충남 보령,중대암입구- 중대암- 주능선- 아미산정상(상봉)- 아봉- 산암사- 도화담교..... ,약4시간30분 산행,http://cfile227.uf.daum.net/image/151F9D214BC6EF405F577B,,○,,,,y,05
082,2010-05-09,구병산(876.5m),충북 보은,서원교(고시촌)- 충북알프스- 백지미재- 풍혈- 구병산- 신선대- 성황당골- 팔각정- 적암리주차장..... ,약7시간 산행,http://cfile212.uf.daum.net/original/193A42134B3C0223C0CE93,,○,○,,,y,05
083,2010-05-13,사량도 지리망산(397.8m),경남 통영,내지- 지리산- 돈짓재- 달바위산- 질매재- 가마봉- 철계단- 연지봉- 옥녀봉- 끝봉- 일주도로- 내지..... ,약4시간30분 산행,http://cfile289.uf.daum.net/image/162F401B4BAB23576D5826,,○,○,,,y,05
084,2010-05-16,황매산(1108m),경남 합천,장박리- 너백이쉼터- 황매산정상- 철쭉군락지- 영화주제공원- 신촌리 ..... ,약4시간 산행,http://cfile262.uf.daum.net/original/110F2A014BBEC7933889D6,,○,,,,y,05
085,2010-05-17,월악산(1092m),충북 제천,보덕암입구- 보덕암- 하봉- 중봉- 영봉정상- 마애봉- 마애불- 덕주사- 덕주사입구..... ,약6시간30분 산행,http://cfile274.uf.daum.net/image/166B9B1C4BF61F5B2BC14C,,○,○,산술애,52,y,05
086,2010-06-14,속리산(1058m),충북 보은,화북매표소- 문장대- 문수봉- 신선대- 비로봉- 헬기장- 천왕봉- 헬기장- 장각동계곡- 마을회관..... ,약7시간 산행,http://cfile267.uf.daum.net/original/140947134A8D57735545A7,속리산 가는 날... 새벽에 일어나 주섬주섬 준비를 하다보니 밖에 주룩주룩 비가 내린다....난감....<br>인터넷을 보니 다행히 그쪽 날씨는 괜찮겠다.... 그래도 혹시 모르니 가방에 우의도 챙겨넣고....<br>우산들고 집을 나선다.... 집합장소... 다들 모였는데 조금씩 불안해 뵌다...<br> 여긴 속세니까 비가 오는거고... 거긴 속세를 떠난 선계니까 비 안 올꺼야~... <br>버스타고 가는동안 비가 멎더니... 점점 화창하게 볕이 난다... 다행이다...<br><br>최치원은 속리산을 노래한 시에서 **道不遠人人遠道  山非離俗俗離山** 라 했다.<br> 도는 사람을 멀리하지 않는데 사람은 도를 멀리 하고  산은 속세를 떠나지 않으나 속세는 산을 떠나는 구나 <br><br>속리산은 광명산. 지명산. 구봉산. 미지산. 형제산. 소금강산. 자하산의 8개 이름을 가지고 있으며.<br>속리산의 절경은 8봉. 8대. 8석문으로 대표된다.<br><br>8봉은 천왕봉. 비로봉. 길상봉. 문수봉. 보현봉. 관음봉. 묘봉과 수정봉이고.<br>8대는 문장대. 입석대. 신선대. 경업대. 배석대. 학소대. 봉황대. 산호대다.<br>그리고 8석문은 내석문. 외석문. 상환석문. 상고석문. 상고외석문. 비로석문. 금강석문. 추래석문 등이다.,○,○,산술애,53,y,06
087,2010-06-20,설악산 공룡능선(1275m),강원 속초,설악동- 비선대- 세존봉- 마등령- 나한봉- 1275봉- 신선봉- 희운각- 천불동계곡- 비선대- 설악동..... ,약13시간 산행,http://cfile246.uf.daum.net/image/1514D3174C07787E4348DD,,○,○,산술애,53A,y,06
088,2010-07-04,백운산(882.5m),강원 정선,점재나루- 매기고개- 삼거리- 백운산 정상- 810봉- 685봉- 628봉- 673봉- 나륜재- 칠족령- 덕천리- 밤나무집- 장제나루..... ,약5시간 산행,http://cfile232.uf.daum.net/original/1920D81F4BD027FDD49DFC,,○,,부중산,64,y,07
089,2010-07-12,북한산 칼바위,서울 성북,정릉매표소- 내원사- 칼바위능선- 칼바위- 보국문- 대성문- 형제봉능선- 형봉- 제봉- 북악터널입구..... ,약3시간40분 산행,http://cfile289.uf.daum.net/image/115847184C3BD119860F2A,,○,,,,y,07
090,2010-07-18,가칠봉(1240.4m),강원 홍천,삼봉약수터- 가칠봉- 갈전곡봉- 왕승현갈림길- 가르미골- 조경동교- 아침가리골- 진동리..... ,약8시간 산행,http://pds15.cafe.daum.net/download.php?grpid=jbJp&fldid=GMyg&dataid=13&fileid=1®dt=20051006215709&disk=15&grpcode=mountainbaecu&dncnt=N&.jpg,,○,,,,y,07
091,2010-07-22,덕항산(1072.5m),강원 삼척,대이리종점- 능선길- 덕항산- 지각산- 장암재- 1전망대- 환선굴- 선녀폭포- 대이리종점..... ,약6시간 산행,http://cfile243.uf.daum.net/original/1477060B49F694877E3989,,○,,,,y,07
092,2010-07-31,신불산(1208.9m),울산 삼남,신불산휴양림 하단매표소- 백련계곡- 신불재- 신불산정상- 신불재- 백련계곡- 하단매표소..... ,약3시간 산행,http://cfile232.uf.daum.net/original/2006940949EFCD8F71A342,,○,,,,y,07
093,2010-08-08,내연산(711m),경북 포항,보경사- 문수암- 문수봉- 내연산정상(삼지봉)- 계곡길- Y캠프- 은폭포- 연산폭포- 상생폭포- 보경사매표소..... ,약5시간30분 산행,http://cfile267.uf.daum.net/original/127949254A74D08D438610,,○,,,,y,08
094,2010-08-30,설악 안산(1430.4m),강원 인제,장수대- 대승령- 삼거리- 안산- 십이선녀탕계곡- 두문폭포- 복숭아탕 폭포- 응봉폭포- 남교리매표소..... ,약7시간30분 산행,http://cfile299.uf.daum.net/image/161F90124C6C6AA266DC6B,,○,○,산술애,55,y,08
095,2010-10-17,설악산(1708m),강원 인제,한계령- 중청- 대청봉- 소청- 봉정암- 구곡담계곡- 쌍룡폭포- 수렴동대피소- 영시암- 백담사..... ,약11시간 산행,http://cfile267.uf.daum.net/image/1768C5334CBD7C073795FF,,○,○,,,y,10
096,2010-10-21,가야산(1430m),경남 합천,백운동주차장- 만물상능선- 서장대- 서성재- 칠불봉- 상왕봉정상- 토사골- 해인사..... ,약7시간 산행,http://cfile253.uf.daum.net/image/113DC8034CC10E69466FBF,,○,○,산술애,57,y,10
097,2010-10-30,북한산 숨은벽,경기 고양,밤골- 사기막골 갈림삼거리- 능선길- 해골바위- 전망대- 구멍바위- 밤골계곡..... ,약3시간20분 산행,http://cfile298.uf.daum.net/image/110B68254B99BF516EEC45,,○,,,,y,10
098,2010-10-31,주왕산(720.6m),경북 청송,대전사- 주왕계곡- 학소대- 제1폭포- 제2폭포- 제3폭포- 학소대- 대전사 (귀환길에 주산지 경유)..... ,약3시간30분 산행,http://cfile251.uf.daum.net/image/176CB9274CCFA60B2DC613,,○,,,,y,10
099,2010-11-12,월출산(808.7m),전남 영암,도갑사- 미왕재- 향로봉- 구정봉- 남근바위- 천황봉- 사자봉- 구름다리- 천황사..... ,약6시간 산행,http://cfile289.uf.daum.net/image/1447E01D4CDFF7D2512041,,○,○,산술애,58,y,11
100,2010-12-05,명성산(923m),경기 포천,자인사입구- 자인사- 돌계단- 삼거리- 팔각정- 억새밭- 계곡길- 등룡폭포- 비선폭포- 주차장..... ,약4시간 산행,http://cfile273.uf.daum.net/image/12628D214CFC5C7117181F,,○,○,부중산,68,y,12
101,2010-12-23,가야산(677.6m),충남 서산,상가리주차장- 쉰길바위- 옥양봉- 석문봉- 암봉- 큰고개- 가야산- 남연군묘- 상가리주차장..... ,약4시간30분 산행,http://cfile268.uf.daum.net/image/172B6A3D4D15638401F96E,,○,○,산술애,59,y,12
102,2011-01-20,청태산(1200m),강원 횡성,휴양림 주차장- 제2등산로- 청태산정상- 제5등산로- 제2산림문화휴양관- 휴양림 주차장..... ,약4시간30분 산행,http://cfile245.uf.daum.net/image/160F214A4D3BFC93210F82,,○,,산술애,60,y,01
103,2011-04-20,마이산(686m),전북 진안,강정리- 합미산성- 광대봉- 고금당- 비룡대- 봉두봉- 탑사- 천황문- 남부주차장..... ,약5시간30분 산행,http://cfile259.uf.daum.net/image/130A450B4BB1DCAD03AA22,,○,,산술애,63,y,04
104,2011-05-01,금수산(1015.8m),충북 제천,상학주차장- 절터- 살개바위고개- 금수산정상- 살개바위고개- 얼음골재- 망덕봉- 작은산밭봉- 슬목이..... ,약6시간 산행,http://cfile210.uf.daum.net/original/1863E2164B3E96CF7E8ADB,,○,,,,y,05
105,2011-05-14,지리산 바래봉(1165m),전북 남원,정령치- 고리봉- 세걸산- 세동치- 부운치- 팔랑치- 안부- 식수대- 바래봉- 안부- 운지암- 용산마을주차장..... ,약7시간30분 산행,http://cfs9.blog.daum.net/original/32/blog/2007/09/22/10/12/46f46bfea5b7b,,○,,,,y,05
106,2011-05-26,용화산(878.4m),강원 춘천,큰고개- 정상- 고탄령- 절골- 산장 (암반합수점)- 양통교..... ,약4시간30분 산행,http://cfile268.uf.daum.net/original/1747570D49F68D80CCA0F8,,○,○,산술애,64,y,05
107,2011-06-15,북한산 12성문,경기 고양,산성매표소- 대서문- 가사당암문- 부왕동암문- 청수동암문- 대남문- 대성문- 보국문- 대동문- 동장대- 용암문- 위문- 백운대- 북문- 원효봉- 시구문- 산성매표소..... 총 20.9km ,약 10시간30분 산행,http://cfile255.uf.daum.net/image/17390C504DEB08C9125FD1,,○,○,산술애,64A,y,06
108,2011-06-22,설악산 울산바위(873m),강원 고성,설악동- 신흥사- 계조암- 울산바위- 계조암- 신흥사- 설악동..... ,약4시간 산행,http://pds94.cafe.daum.net/image/1/cafe/2008/11/04/10/32/490fa5fcd2753,,○,○,산술애,65,y,06
109,2011-10-30,강천산(583.7m),전북 순창,금강교- 깃대봉- 왕자봉- 구름다리- 광덕산- 송락바위- 비룡계곡- 매표소..... ,약5시간 산행,http://cfile6.uf.tistory.com/original/143FDC254BDB95A74209CB,,○,,,,y,10
110,2011-11-17,동산(896m),충북 제천,성내리주차장- SBS 촬영장- 495암봉- 안개봉- 남근석- 성봉- 중봉- 동산- 새목재- 무암사- 성내리주차장..... ,약7시간 산행,http://cfile218.uf.daum.net/original/1163E2164B3E96C8785F15,,○,○,산술애,70,y,11
111,2011-11-20,황금산(156m),충남 서산,독곶리- 황금산- 해식동굴- 코끼리바위- 몽돌해변- 독곶리..... ,약2시간30분 산행,http://cfile218.uf.daum.net/original/157F34154C3EB97A06D4DD,,○,,,,y,11
112,2011-12-22,제왕산(840m),강원 강릉,(구)대관령 하행선 휴게소- 능경봉 입구- 제왕산- 대관령 박물관..... ,약3시간30분 산행,http://cfile244.uf.daum.net/original/1911D91B4B4033325B9023,,○,,산술애,71,y,12
113,2012-01-08,덕유산(1614m),전북 무주,삼공리- 백련사- 정상- 중봉- 정상- 리조트..... ,약5시간30분 산행,http://www.busan.com/w2010/sannsan/ejrdbtks.jpg,,○,,부중산,80,y,01
114,2012-01-11,백덕산(1350m),강원 평창,문재터널- 삼거리- 당재- 정상- 삼거리- 헬기장- 먹골재- 먹골 마을회관..... ,약7시간 산행,http://cfile231.uf.daum.net/original/200F8A254AC0C7ED9E1B1C,,○,,산술애,72,y,01
115,2012-02-05,태백산(1566.7m),강원 태백,유일사매표소- 갈림길- 유일사- 장군봉- 천제단- 망경사- 계곡길- 당골..... ,약4시간 산행,http://cfile296.uf.daum.net/original/11566E444D4B84971EB798,,○,,부중산,81,y,02
116,2012-02-21,축령산(622m),전남 장성,금곡마을- 임도- 문수사 갈림길- 축령산- 추모비- 임도- 영화마을..... ,약5시간20분 산행,http://cfile295.uf.daum.net/original/162887124BC6C9E157FFA5,,○,,산술애,73,y,02
117,2012-03-04,북바위산(772.1m),충북 제천,물레방아휴게소- 북바위- 신선대- 북바위산- 시사리고개- 715봉- 773봉- 만수휴게소..... ,약5시간30분 산행,http://cfile232.uf.daum.net/original/144DE4234C12FAC1AC1241,,○,,,,y,03
118,2012-03-16,화악산 중봉(1450m),경기 가평,관청리- 큰골- 1090봉- 전망암- 중봉- 갈림길- 복호등폭포- 조무락골- 38교..... ,약7시간30분 산행,http://cfile215.uf.daum.net/original/1720991C4BC0527571B6F3,,○,,산술애,74,y,03
119,2012-04-12,천태산(715m),충북 영동,주차장- 삼단폭포- 영국사- A코스- 정상- 능선- 전망석- D코스- 남고개- 영국사- 망탑- 진주폭포- 주차장..... ,약5시간 산행,http://cfile274.uf.daum.net/original/2049554A4EDC460E113484,○ 양산팔경<br><br>영동 최고의 관광지로 이름난 양산팔경은 영동군에 있는 양산(면)을 꿰뚫고 남서에서 동북으로 흐르는 금강 상류 연안.<br>양산강변에 위치한 명승지들이다. 영국사. 강선대. 비봉산. 봉황대. 함벽정. 여의정. 자풍당. 용암 등 여덟 곳을 이른다.<br>지도에는 강선대와 용암. 여의정을 배경 삼아 양산강변에 자리잡은 송호유원지를 양산팔경으로 표기하고 있다.,○,○,산술애,75,y,04
120,2012-04-28,동석산(219m),전남 진도,종성교회- 천종사갈림길- 칼바위능선- 동석산- 석적막산- 헬기장- 큰애기봉- 전망대왕복- 세방낙조대..... ,약4시간 산행,http://cfile235.uf.daum.net/original/19497E444F70134D3A97DD,,○,○,산술애,,y,04
121,2012-05-21,금원산(1352.5m),경남 거창,미폭- 전망바위- 현성산- 976봉- 금원산- 동봉- 유안청계곡- 유안청폭포- 금원산 자연휴양림- 관리사무소- 주차장..... ,약8시간 산행,http://cfile215.uf.daum.net/original/1447AC234C647E184C3E7D,,○,,산술애,76,y,05
122,2012-06-15,설악 서북능선 귀떼기청봉(1578m),강원 인제,한계령- 한계령삼거리- 귀때기청봉- 1408봉- 대승령- 대승폭포- 장수대..... ,약8시간40분 산행,http://cfile288.uf.daum.net/image/177D0D3A4FD41E342D41F7,,○,○,산술애,77,y,06
123,2012-07-12,지리산(1915.4m),전남 구례,성삼재- 삼도봉- 토끼봉- 명선봉- 형제봉- 덕평봉- 철선봉- 영신봉- 촛대봉- 삼신봉- 연하봉- 제석봉- 천왕봉- 써리봉- 치밭목- 대원사..... 약 42Km<br>....(첫째날) 성삼재- 노고단- 임걸령- 노루목- 반야봉- 삼도봉- 화개재- 토끼봉- 명선봉- 연하천대피소...<br>................(13.2 Km  7시간10분  휴식/식사: 임걸령 30분 포함)<br>....(둘째날) 형제봉- 벽소령- 덕평봉- 철선봉- 영신봉- 세석평전- 촛대봉- 삼신봉- 연하봉- 장터목대피소...<br>................(13.3 Km  9시간10분  휴식/식사: 벽소령 30분  세석 1시간30분 포함)<br>....(셋째날) 제석봉- 천왕봉- 중봉- 써리봉- 치밭목대피소- 유평리- 대원사- 대원사계곡 매표소...<br>................(15.4 Km 9시간10분 휴식/식사: 유평리 1시간30분 포함),25시간30분 산행,http://cfile223.uf.daum.net/original/14682F154B02CE2F4C0F13,행여 지리산에 오시려거든 ...........시 : 이원규<br><br>행여 지리산에 오시려거든<br>천왕봉 일출을 보러 오시라<br>삼대째 내리 적선한 사람만 볼 수 있으니<br>아무나 오지 마시고<br><br>노고단 구름바다에 빠지려면<br>원추리 꽃무리에 흑심을 품지 않는<br>이슬의 눈으로 오시라<br>이슬의 눈으로 오시라<br><br>행여 반야봉 저녁노을을 품으려면<br>여인의 둔부를 스치는 유장한 바람으로 오고<br>피아골의 단풍을 만나려면<br>먼저 온몸이 달아 오른 절정으로 오시라<br><br>불일폭포의 물 방망이를 맞으려면<br>벌 받는 아이처럼 등짝 시퍼렇게 오고<br>벽소령 눈시린 달빛을 받으려면<br>뼈마저 부스러지는 회한으로 오시라<br><br><br>그래도 지리산에 오시려거든<br>세석평전의 철쭉꽃 길을 따라<br>온몸 불사르는 혁명의 이름으로<br>온몸 불사르는 혁명의 이름으로 오시라<br><br>최후의 처녀림 칠선계곡에는<br>아무 죄도 없는 나무꾼으로만 오시라<br>아무 죄도 없는<br>나무꾼으로만 오시라<br><br>진실로 지리산에 오시려거든<br>섬진강 푸른 산그림자 속으로<br>백사장의 모래알처럼<br>모래알처럼 겸허하게 오시라<br><br>연하봉의 벼랑과 고사목을 보려면<br>툭하면 자살을 꿈꾸는 이만<br>반성하러 오시라<br>반성하러 오시라<br><br><br>그러나 굳이 지리산에 오고 싶다면<br>언제 어느 곳이든 아무렇게나 오시라<br>그대는 나날이 변덕스럽지만<br>지리산은 변하면서도 언제나 첫마음이니<br>언제나 첫마음이니<br><br>행여 견딜만 하다면 제발 오지 마시라<br>행여 견딜만 하다면 제발 오지 마시라 ,○,○,산술애,78,y,07
124,2012-08-21,비수구미계곡,강원 화천,해산령휴게소(해산터널 동편 출구)- 비수구미계곡- 비수구미민박집(중식)- 파로호 보트로 이동- 평화의 댐..... ,약6시간 산행,http://cfile211.uf.daum.net/original/181627184B86E30C148FFB,,○,,산술애,79,y,08
125,2012-09-02,면위산(780.4m),충북 충주,하천리구판장- 하천가든- 능선삼거리- 1옥녀봉- 2옥녀봉- 면위산 정상- 남쪽능선- 국실마을..... ,약6시간 산행,http://cfile235.uf.daum.net/original/17176F024B26CE9A40D01D,,○,,부중산,88,y,09
126,2012-09-13,월악산 만수봉(983m),충북 충주,만수교- 용암봉- 만수봉- 만수봉삼거리- 만수골- 만수교..... ,약6시간30분 산행,http://cfile295.uf.daum.net/original/1853870B4BB9E71406432D,,○,,산술애,80,y,09
127,2012-10-07,명성산(922m),경기 포천,나연폭포- 비선폭포- 등룡폭포- 이정폭포- 억새군락- 삼각봉- 명성산- 숨은폭계곡- 와폭- 숨은폭포- 산정호수..... ,약6시간30분 산행,http://cfile252.uf.daum.net/original/121DFA4C4F36520B0D3ACF,,○,○,부중산,89,y,10
128,2012-10-14,설악 공룡능선 가야동계곡,강원 인제,백담사입구- 백담사- 영시암- 오세암- 마등령- 나한봉- 1275봉- 신선대- 가야동계곡- 수렴동대피소- 영시암- 백담사..... ,약16시간 산행,http://cfile297.uf.daum.net/original/18043E504F9A7E630A9617,,○,○,산술애,80A,y,10
129,2012-10-23,청량산(870.4m),경북 봉화,청량산성- 축융봉- 입석- 응진전- 김생굴- 자소봉- 탁필봉- 연적봉- 자란봉- 선학봉- 청량산정상(장인봉)- 청량폭포..... ,약6시간 산행,http://cfile295.uf.daum.net/original/18273A1649EEA047A37045,,○,○,산술애,81,y,10
130,2013-01-06,함백산(1572.9m),강원 태백,만항재- 창옥봉- 함백산- 중함백- 제2쉼터 안부- 적조암 입구..... ,약4시간30분 산행,http://cfile255.uf.daum.net/original/160F94164B70D00A2748B5,,○,,부중산,92,y,01
131,2013-01-23,태백산(1567m),강원 태백,유일사매표소- 유일사- 장군봉- 천제단- 망경사- 반재- 당골매표소..... ,약5시간40분 산행,http://cfile215.uf.daum.net/original/144EAA124994277867A9D0,,○,,산술애,84,y,01
132,2013-02-03,계방산(1577m),강원 평창,운두령- 쉼터- 1492봉(전망대)- 계방산- 1276봉- 권대감바위- 노동리주차장..... ,약5시간 산행,http://cfile281.uf.daum.net/original/142493144CA007BE067A9A,,○,,부중산,93,y,02
133,2013-02-15,발왕산(1459.1m),강원 평창,능선길- 1253봉- 1391봉- 헬기장- 발왕산정상- 헬기장- 드래곤파크- 삼거리쉼터- 1131봉- 레인보우주차장..... ,약7시간30분 산행,http://cfile259.uf.daum.net/original/0314004450F89F65226EB7,,○,,산술애,85,y,02
134,2013-02-24,용봉산(381m),충남 홍성,용봉초교- 미륵불- 투석봉- 용봉산정상- 노적봉- 악귀봉- 절고개- 팔각정- 병풍바위- 용봉사- 구룡대매표소..... ,약3시간 산행,http://cfile286.uf.daum.net/original/12377C354CEA2F5D541774,,○,,,,y,02
135,2013-03-03,오대산(1563m ),강원 홍천,상원사주차장- 상원사- 중대암- 적멸보궁- 비로봉정상- 상왕봉- 두로봉갈림길- 상원사주차장..... ,약5시간 산행,http://cfile272.uf.daum.net/original/200DAB394FF9567423177D,,○,,부중산,94,y,03
136,2013-03-27,갈기산(595m),충북 영동,바깥모리주차장- 능선길- 갈기산- 말갈기능선- 차갑고개- 성인봉- 비들목재- 월영산- 서봉- 원골유원지..... ,약5시간 산행,http://cfile272.uf.daum.net/original/113A26474D79DA34364F10,,○,,산술애,86,y,03
137,2013-04-23,벼락바위봉(937.6m),강원 원주,매표소- 임도- 취사장- 좌측길- 고개- 능선- 산파바위- 벼락바위- 벼락바위봉- 북릉- 관리사무소- 매표소..... ,약3시간 산행,http://cfile270.uf.daum.net/original/164745455040387A2FC161,,○,,산술애,87,y,04
138,2013-05-05,비슬산(1083.6m),대구 달성,유가사입구- 유가사- 수도암- 712봉- 도통바위- 대견봉- 진달래군락지- 대견사지- 팔각정- 유가사..... ,약7시간 산행,http://cfile282.uf.daum.net/original/153639144A7CF89699D0D2,,○,,,,y,05
139,2013-05-13,황매산(1108m),경남 합천,모산재 입구- 돛대바위 능선- 모산재- 베틀굴(산불감시초소)- 황매평전- 황매산정상- 삼봉- 덕만주차장..... ,약5시간30분 산행,http://cfile260.uf.daum.net/original/1766C0484FBAF81625053E,,○,○,산술애,88,y,05
140,2013-06-02,소백산(1439.5m),경북 영주,희방사매표소- 희방폭포- 희방사- 연화봉- 제1연화봉- 비로봉- 달밭재- 비로사- 삼가리주차장..... ,약8시간 산행,http://cfile213.uf.daum.net/original/19076B47500D26FA33D475,,○,,,,y,06
141,2013-06-09,진대산(695.9m),충북 단양,방곡리- 삿갓바위- 미륵바위- 무명봉- 만기봉- 코바위- 장화바위- 식기봉- 벌천교회- 명전교..... ,약4시간30분 산행,http://cfile254.uf.daum.net/original/2721973851B2FFD4169C3D,,○,○,,,y,06
142,2013-06-17,북바위산(772.1m),충북 제천,물레방아휴게소- 북바위- 쉼터바위- 북바위산- 사시리고개- 773봉- 박쥐봉- 만수휴게소..... ,약6시간 산행,http://cfile249.uf.daum.net/original/173D3A544E0F230D2F7BD9,,○,○,산술애,89,y,06
143,2013-07-20,옥산(577.9m),경기 양평,한화리조트- 범바위- 토끼봉- 말고개(말머리봉)- 옥산- 노루목- 형제탑- 선녀탕(폭포)- 한화리조트..... ,약2시간 산행,http://cfile233.uf.daum.net/original/1147C1134B355A5B4B326C,,○,,,,y,07
144,2013-08-20,칠보산(778m),충북 괴산,떡바위- 구봉능선- 칠보산- 마당바위- 활목고개- 용주골- 신선폭포- 살구나무골- 강선대- 쌍곡폭포- 쌍곡휴게소..... ,약7시간 산행,http://cfile260.uf.daum.net/original/133D83334D7EC179332FC9,,○,○,산술애,91,y,08
145,2013-09-01,도장산(827.9m),경북 문경,용추교- 쌍용폭포- 갈림길- 651봉- 709봉- 795봉- 도장산정상- 헬기장- 심원사- 심원폭포- 쌍용폭포- 용추교..... ,약6시간40분 산행,http://cfile270.uf.daum.net/original/18483D364E7C6F610CF61F,,○,,,,y,09
146,2013-09-12,조령산(1026m),충북 괴산,신풍리- 촛대바위- 헬기장- 조령산- 안부- 신선암봉- 공기돌바위- 중암(암자)- 마당바위폭포- 사방댐- 신풍리..... ,약7시간40분 산행,http://cfile223.uf.daum.net/original/1710FD484F5763CE33AF9D,,○,○,산술애,92,y,09
147,2013-09-27,영남알프스,울산 울주,배내고개- 배내봉(966)- 간월산(1069)- 신불산(1159)- 영축산(1081) 능동산(983)- 천황산(1189)- 재약산(1119)- 표충사.....<br>…...(첫째날) 배내고개- 배내봉- 간월산- 간월재- 신불산- 신불재- 영축산- 단조성터- 백련골- 파래소폭포- 신불휴양림....약11시간30분<br>…...(둘째날) 배내고개- 능동산- 헬기장- 샘물산장- 천황산(사자봉)- 재약산(수미봉)- 층층폭포- 흥룡폭포- 표충사- 매표소....약8시간20분,약20시간 산행,http://cfile296.uf.daum.net/original/123FE6504FA4F18738CD30,첫째날 산행 들머리 배내고개에서 06:00 산행출발 한 후.... 신불재를 지나 영축산으로 가는 중에.....<br>카메라 메모리의 갑작스런 손상으로 인해 불행히도 그때까지의 사진이 모두 날라갔으므로.. ㅠㅠ....<br>부득이 함께 산행한 일행의 사진을 펌하여 완성하였음....,○,○,산술애,92A,y,09
148,2013-10-06,상정바위산(1006.2m),강원 정선,주차장- 삼거리- 큰골- 전망대- 갈림길- 전망대- 헬기장- 상정바위산 정상- 갈림길- 작은골- 주차장..... ,약5시간 산행,http://cfile246.uf.daum.net/original/1225DA1A4AA585EC147266,,○,,,,y,10
149,2013-10-15,내변산(459.1m),전북 부안,남여치- 쌍선봉- 월명암- 375봉- 자연보호비- 직소폭포- 재백이고개- 관음봉- 세봉- 청련암- 내소사- 주차장..... ,약6시간40분 산행,http://cfile283.uf.daum.net/original/1272533E4D48E9E4017DC9,,○,,산술애,93,y,10
150,2013-10-19,북한산(836.5m),경기 고양,매표소- 우이동 계곡- 하루재- 백운대피소- 위문- 백운대- 용암문- 도선사- 매표소..... ,약6시간 산행,http://cfile272.uf.daum.net/image/274FF03A5265BB772AE7D9,,○,,,,y,10
151,2013-10-20,남군자산(836m),충북 괴산,하관평- 학골- 삼형제바위- 칠일봉- 남군자산- 칼바위능선- 쌍곡휴게소..... ,약4시간 산행,http://cfile281.uf.daum.net/original/165F8B484E17B0B50B08CC,,○,,,,y,10
152,2013-10-27,도봉산(740m),서울 도봉,망월사역- 쌍용사- 원효사- 회룡능선- 포대능선- 신선대- 마당바위- 도봉계곡- 도봉산역..... ,약8시간 산행,http://cfile224.uf.daum.net/original/1317F94B4EB6B7E639D63A,,○,,,,y,10
153,2013-11-03,주왕산(686.8m),경북 청송,매표소- 대전사- 용추폭포- 절구폭포- 용연폭포- 금은광이- 월미기- 장군봉- 백련암- 대전사- 매표소..... ,약5시간40분 산행,http://cfile221.uf.daum.net/original/1730783D512AB7E126A874,,○,,,,y,11
154,2013-11-04,선운산(336m),전북 고창,매표소- 투구바위- 사자바위- 국기봉- 청룡산- 배맨바위- 낙조대- 천마봉- 용문굴- 마애불- 장사송- 선운사- 매표소..... ,약6시간30분 산행,http://cfile201.uf.daum.net/original/1503930D4BAEBE8BA9D52C,,○,○,산술애,94,y,11
155,2013-12-09,대룡산(899.3m),강원 춘천,고은리종점- 임도- 대룡산정상- 전망대- 삼거리- 임도- 산림욕장- 고은리종점..... ,약3시간 산행,http://cfile230.uf.daum.net/original/0173923751260E081ABB9D,,○,,산술애,95,y,12
156,2013-12-21,청계산(615m),서울 서초,옛골- 봉우재- 이수봉- 삼거리- 망경대- 매봉- 매바위- 돌문바위- 원터골..... ,약5시간 산행,http://cfile244.uf.daum.net/original/1428B54F4E7899872EF808,,○,,,,y,12
157,2014-01-05,운악산(937.5m),경기 가평,하판리주차장- 일주문- 눈썹바위- 병풍바위- 미륵바위- 만경대- 동봉- 서봉- 동봉- 절고개- 코끼리바위- 현등사- 주차장..... ,약6시간 산행,http://cfile228.uf.daum.net/original/203BFA0C4A8B89A63FE887,,○,○,부중산,103,y,01
158,2014-01-16,운장산(1125.8m) 연석산(925m),전북 완주,내처사동- 앞산날베기- 동봉- 운장산- 서봉- 연석산- 병풍바위- 마당바위- 연석사- 연석가든..... ,약6시간20분 산행,http://cfile227.uf.daum.net/original/203BF7274BBF05A927FBBA,,○,○,산술애,96,y,01
159,2014-01-18,남한산(522m),경기 광주,산성종로- 수어장대- 서문- 북문- 제3암문- 봉암성- 남한산- 제3암문- 동장대터- 장경사- 동문- 산성종로- 남문..... ,약4시간30분 산행,http://cfile245.uf.daum.net/original/202ABD104B77B18721657B,,○,,,,y,01
160,2014-02-02,고대산(832m),경기 연천,매표소- 제2등산로- 말등바위- 칼바위- 대광봉- 삼각봉- 정상(고대봉)- 제3등산로- 표범폭포- 매표소..... ,약5시간 산행,http://cfile299.uf.daum.net/original/032A784751B1D6D72C5362,,○,,부중산,104,y,02
161,2014-02-08,북한산 숨은벽,경기 고양,밤골매표소- 숨은벽능선- 해골바위- 전망대- 숨은벽전망대- 구멍바위- 밤골계곡- 밤골폭포- 밤골매표소..... ,약3시간 산행,http://cfile295.uf.daum.net/image/2308C14852F60C2420D69A,,○,,,,y,02
162,2014-02-19,비진도 선유봉(312.5m),경남 통영,내항마을- 비진도해수욕장- 외항마을- 망부석전망대- 미인전망대- 선유봉- 노루여전망대- 비진암- 외항선착장..... ,약3시간 산행,http://db.kookje.co.kr/news2000/photo//mountain_map/20131018.22028184448a3.jpg,(원래는 내항마을까지 원점회귀 종주계획 이었으나 풍랑에 의한 배시간 변경으로 단축),○,,산술애,96A,y,02
163,2014-03-02,선자령(1157.1m),강원 평창,대관령휴게소- 양떼목장 옆길- 깃들이골- 선자령(정상)- 새봉- 전망대- 대관령휴게소..... ,약4시간30분 산행,http://cfile281.uf.daum.net/original/1335204150D942DC03AFBB,,○,,부중산,105,y,03
164,2014-03-15,백운봉(941m),경기 양평,양평중학교뒷산- 농업기술센터- 용문산휴양림- 새수골- 백년약수- 백운봉- 헬기장- 태남막재- 새수골- 양평중학교뒷산..... ,약7시간20분 산행,http://cfile241.uf.daum.net/original/23481D4D51F4671B091387,,○,,,,y,03
165,2014-03-21,미륵산(461m),경남 통영,용화사광장- 관음사- 도솔암- 현금산- 정토봉- 미륵치- 미륵산- 미래사- 미륵전- 미래사- 띠발등- 용화사광장..... ,약4시간 산행,http://cfile215.uf.daum.net/original/1562A33E4EF2D52C1BEA84,,○,,산술애,98,y,03
166,2014-04-01,장성봉(916.3m),경북 문경,제수리재- 이빨바위- 투구봉- 삼형제바위- 천지(분화구)바위- 통천문- 코끼리바위- 막장봉- 장성봉- 애기암봉- 완장리..... ,약8시간30분 산행,http://cfile214.uf.daum.net/original/197E85284BB4E0FC0318A9,,○,○,산술애,98A,y,04
167,2014-04-18,신선봉(845m),충북 제천,능강교- 정방사- 조가리봉- 미인봉(저승봉)- 손바닥바위- 학봉- 신선봉- 단백봉- 용바위봉- 갑오고개..... ,약6시간20분 산행,http://cfile229.uf.daum.net/original/1528C74D50AB0597206DFB,,○,○,산술애,99,y,04
168,2014-04-26,산성산(741.9m) 한우산(836m),경남 의령,한티재- 동이봉- 꾀꼬리등- 산성산- 찰비고개- 한우산- 쇠목재- 자굴산- 중봉- 봉화대터- 강선암- 안골- 자굴산휴게소..... ,약8시간30분 산행,http://cfile295.uf.daum.net/original/154A0E334F4DDE3725E91F,,○,○,산술애,99A,y,04
169,2014-05-04,대둔산(879m),전북 완주,매표소- 동심바위- 금강구름다리- 삼선계단- 정상(마천대)- 낙조대- 용문골삼거리- 칠성봉전망대- 신선암- 용문골입구..... ,약4시간10분 산행,http://cfile205.uf.daum.net/original/1909A64F50519A132C00D6,,○,,부중산,107,y,05
170,2014-05-18,천주산(842m),경북 문경,천주사주차장- 천주사- 마애불- 암릉구간- 천주산정상- 서낭당재- 노은2리..... ,약4시간50분 산행,http://cfile295.uf.daum.net/original/240A6B48526A3AB91E5A8A,,○,,,,y,05
171,2014-05-21,민주지산(1241.7m),충북 영동,도마령- 각호산- 민주지산- 석기봉- 삼도봉- 삼마골재- 미나미골- 황룡사- 물한계곡- 주차장..... ,약7시간 산행,http://cfile208.uf.daum.net/original/02619A4351AF42E434B135,,○,,산술애,100,y,05
172,2014-06-12,월악산 만수봉(983m) 만수암릉,충북 제천,월악산장휴게소- 수경대- 왕관바위- 덕주봉- 만수봉- 만수암릉- 마애불- 덕주사- 수경대- 월악산장휴게소..... ,약10시간45분 산행,http://cfile262.uf.daum.net/original/140F551249EE97197FEB90,,○,○,산술애,100B,y,06
173,2014-07-06,괘방산(339.2m),강원 강릉,안인진리주차장- 괘방산성- 삼우봉- 괘방산- 삼거리- 183고지- 정동진..... ,약4시간 산행,http://cfile229.uf.daum.net/original/1104873E50A03E5C24DCB4,,○,,부중산,109,y,07
174,2014-07-19,금수산 망덕봉(916m) 소용아릉,충북 제천,상천휴게소- 용담폭포- 망덕봉- 소용아릉- 770봉- 산부인과바위- 비석바위- 만덕암- 능강계곡- 얼음골지킴터..... ,약6시간 산행,http://cfile202.uf.daum.net/original/2152993351B6DFA726CA51,,○,○,산술애,101A,y,07
175,2014-07-20,갈모봉(582m) 선유구곡,충북 괴산,돌목재매표소- 북릉- 칠형제봉- 갈모봉- 동남릉- 빵바위- 모녀바위- 선유구곡- 돌목재매표소..... ,약4시간 산행,http://cfile240.uf.daum.net/original/2439F94F50CDAB6A0AB69A,,○,,,,y,07
176,2014-08-03,금학산(654.1m),강원 홍천,금학산관광농원- 돌계단- 용삼고개- 옛고개- 금학산정상- 옛고개- 용삼고개- 돌계단- 금학산관광농원..... ,약4시간 산행,http://cfile278.uf.daum.net/image/2210A03C53DEBBD014F036,원래는 팔봉산을 계획했으나 태풍 나크리 북상으로 입산금지 되어 부득이 산행지를 변경하였다.,○,,부중산,110,y,08
177,2014-08-21,팔영산(608.6m),전남 고흥,성기리주차장- 능가사- 흔들바위- 1봉- 2봉- 3봉- 4봉- 5봉- 6봉- 7봉- 8봉- 탑재- 효자골- 능가사- 주차장..... ,약6시간 산행,http://cfile281.uf.daum.net/original/2063513950624710276B9E,원래는 북설악 마산을 계획했으나 전국적인 폭우로 부득이 산행지를 변경하였다.,○,○,산술애,103,y,08
178,2014-09-01,북설악 신선봉(1204m),강원 고성,화암사- 수암- 성인대- 삼거리샘터- 상봉- 화암재- 신선봉- 대간령- 도원리..... ,약10시간 산행,http://cfile263.uf.daum.net/original/0343F6355148621A166BC3,,○,○,산술애,103A,y,09
179,2014-09-14,삼악산(654m),강원 춘천,의암매표소- 상원사- 깔딱고개- 삼악산 정상- 흥국사- 주렴폭포- 비룡폭포- 백련폭포- 승학폭포- 등선폭포- 매표소..... ,약4시간20분 산행,http://cfile205.uf.daum.net/original/197A35434EF41505361233,,○,,부중산,111,y,09
180,2014-09-23,북설악 마산(1052m),강원 고성,알프스리조트- 마산 정상- 병풍바위- 암봉- 대간령- 마장터- 소간령- 창암- 박달나무휴게소..... ,약7시간20분 산행,http://cfile297.uf.daum.net/original/1462124A4FE5CEEB1123A2,,○,○,산술애,104,y,09
181,2014-10-05,금오산(977m),경북 구미,주차장- 대혜문- 대혜폭포- 할딱고개- 오형돌탑- 마애석불- 약사암- 금오산(977m) 정상- 약사암- 법성사- 주차장..... ,약5시간 산행,http://www.busan.com/w2010/sannsan/금오산산행지도확대.jpg,,○,,부중산,112,y,10
182,2014-10-18,도봉산(740m) 다락능선,경기 의정부,망월사역- 도봉사무소- 심원사- 다락능선- 포대정상- Y계곡- 신선대(정상)- 주봉- 오봉- 여성봉- 오봉매표소- 송추골..... ,약6시간30분 산행,http://cfile224.uf.daum.net/original/1317F94B4EB6B7E639D63A,,○,○,,,y,10
183,2014-10-23,금오산(977m),경북 구미,주차장- 대혜문- 도선굴- 대혜폭포- 할딱고개- 오형돌탑- 마애석불- 약사암- 금오산(977m)- 성안- 칼다봉- 저수지- 주차장..... ,약7시간 산행,http://cfile209.uf.daum.net/original/171EFC4F50065EA22EEA8A,,○,○,산술애,105,y,10
184,2014-11-01,내장산(763.2m),전북 정읍,추령- 유군치- 장군봉- 연자봉- 문필봉- 신선봉(정상)- 까치봉- 연지봉- 망해봉- 불출봉- 서래봉- 서래봉매표소..... ,약8시간 산행,http://cfile273.uf.daum.net/original/184F15374CD652C74E5B2C,,○,,부중산,113,y,11
185,2014-11-09,북한산(837m) 숨은벽,경기 고양,국사당- 밤골계곡- 폭포- 능선길- 해골바위- 전망대- 구멍바위- 위문- 백운대- 산성계곡입구..... ,약7시간 산행,http://cfile298.uf.daum.net/image/110B68254B99BF516EEC45,,○,○,,,y,11
186,2014-11-17,설흘산(482m),경남 남해,선구마을(팽나무)- 암릉- 너럭바위- 응봉산- 헬기장- 삼거리- 안부4거리- 설흘산(봉수대)- 가천다랭이마을..... ,약5시간 산행,http://cfile230.uf.daum.net/original/18544B4650A5F3DB2680AB,,○,,산술애,106,y,11
187,2014-12-07,광덕산(1046.3m),경기 포천,광덕산가든- 광덕산- 기상관측소- 헬기장- 상해봉- 헬기장- 회목현- 임도- 광덕산가든..... ,약4시간 산행,http://cfile201.uf.daum.net/original/21784E3D525440DA1082AF,,○,,부중산,114,y,12
188,2014-12-15,서대산(904.1m),충남 금산,서대산 드림리조트- 용바위- 제비봉- 선바위- 신선바위- 855봉- 사자바위- 장군바위- 서대산정상- 성심사- 드림리조트..... ,약5시간30분 산행,http://cfile247.uf.daum.net/original/162B80354FC447D92DE582,,○,,산술애,107,y,12
189,2015-01-04,백덕산(1350m),강원 평창,문재- 헬기장- 문재삼거리- 사자산- 당재- 작은당재- 먹골삼거리- 백덕산- 먹골삼거리- 헬기장- 먹골재- 먹골주차장..... ,약6시간 산행,http://cfile217.uf.daum.net/original/1119983F50A0AB690EB975,,○,,부중산,115,y,01
190,2015-01-21,무등산(1186.8m),광주 동구,증심사 주차장- 증심사- 봉황대- 중머리재- 장불재- 입석대- 서석대- 중봉- 중머리재- 서인봉- 새인봉- 증심사 주차장..... ,약5시간 산행,http://cfile218.uf.daum.net/original/262FB83C5244EDE00C9EE3,,○,,산술애,108,y,01
191,2015-02-14,관악산(629.9m),경기 과천,국사편찬위원회- 마당바위- 문원폭포- 육봉능선- 소나무쉼터- 국기봉- 연주암- 관악산 정상- 사당능선- 사당역.....<br>............(실제로는 육봉능선 통과중 3봉 부근에서 부상자 발생으로 긴급 코스변경하여 국기봉에서 안양유원지 쪽으로 하산함).....,약6시간 산행,http://cfile300.uf.daum.net/original/255A803454D6E3B9361094,,○,,,,y,02
192,2015-02-25,갑장산(806m),경북 상주,연악산식당- 상산- 문필봉- 갈림길- 갑장사- 갈림길- 헬기장- 팔각정- 갑장산- 백길바위- 석문- 용흥사- 연악산식당..... ,약5시간40분 산행,http://cfile252.uf.daum.net/original/21362A4B5275C1CC26DE9D,,○,,산술애,109,y,02
193,2015-03-01,백운산(882.5m),강원 정선,점재잠수교- 운치상회- 병매기고개- 백운산- 삼거리- 전망대- 추모비- 나륜재- 칠족령- 제장교..... ,약5시간20분 산행,http://db.kookje.co.kr/news2000/photo//mountain_map/20110610.22028200342a3.jpg,,○,,부중산,117,y,03
194,2015-03-08,삼성산(481m),경기 안양,삼성초교- 학우봉능선- 학우봉- 국기봉- 삼성산- 삼막사- 마애삼존불- 삼막사- 삼막사계곡- 경인교대..... (식사1:40 포함),약5시간40분 산행,http://cfile281.uf.daum.net/image/222F854553DC667D04EECF,,○,,,,y,03
195,2015-03-19,팔봉산(361.5m),충남 서산,어송리- 서태사- 8봉- 7봉- 6봉- 5봉- 4봉- 팔봉산 정상(3봉)- 2봉- 1봉- 거북샘- 어송임도- 어송리..... ,약5시간15분 산행,http://cfile202.uf.daum.net/original/2152D63453BFE3DC148FF0,,○,○,산술애,110,y,03
196,2015-04-11,모악산(793.5m),전북 완주,관광단지주차장- 선녀폭포- 대원사- 수왕사- 모악산 정상- 헬기장- 북강3층석탑- 심원암- 금산사- 주차장..... ,약4시간40분 산행,http://cfile248.uf.daum.net/original/994341355B2311393843CE,,○,,,,y,04
197,2015-04-17,화왕산(756.6m),경남 창녕,자하매표소- 1등산로- 팔각정- 배바위- 화왕산- 허준촬영장- 청간재- 관룡산- 병풍바위- 구룡산- 암봉- 관룡사- 옥천매표소..... ,약7시간 산행,http://cfile272.uf.daum.net/original/1828AC0B4A64E0FB1F8558,,○,○,산술애,111,y,04
198,2015-05-03,속리산(1058.4m),경북 상주,장각폭포- 장각동계곡- 헬기장- 천왕봉- 헬기장- 법주사갈림길- 상환석문- 세심정휴게소- 법주사- 주차장..... ,약6시간40분 산행,http://cfile258.uf.daum.net/original/2671B83B521F039017ED55,속리산 가는 날... 새벽에 일어나 주섬주섬 준비를 하는데 밖에 부슬부슬 비가 내린다....난감....<br>5년전에 갈때는 비가 주룩주룩 내리다가 산행 시작 할 때쯤 그쳤었다...<br>속세를 떠난 선계니까 속인들에겐 안보여 주려는가?... 별 수 없어 우산을 들고 집을 나선다....<br><br>최치원은 속리산을 노래한 시에서 道不遠人人遠道 山非離俗俗離山 라 했다.<br>**도는 사람을 멀리하지 않는데 사람은 도를 멀리 하고 산은 속세를 떠나지 않으나 속세는 산을 떠나는 구나**<br><br>속리산은 광명산 지명산 구봉산 미지산 형제산 소금강산 자하산의 8개 이름을 가지고 있으며...<br>속리산의 절경은 8봉 8대 8석문으로 대표된다.<br><br>8봉은 천왕봉 비로봉 길상봉 문수봉 보현봉 관음봉 묘봉과 수정봉 이고....<br>8대는 문장대 입석대 신선대 경업대 배석대 학소대 봉황대 산호대 이다.<br>그리고 8석문은 내석문 외석문 상환석문 상고석문 상고외석문 비로석문 금강석문 추래석문 등이다.,○,,부중산,119,y,05
199,2015-05-11,상황봉(644m),전남 완도,(첫째날) 청소년수련원->숙승봉->헬기장->업진봉->백운봉->하느재->상황봉->심봉->대구미.....<br>…....... (둘째날) 신지도의 상산 산행(40분)후 청해포구촬영장과 완도수목원을 관람 ,약5시간30분 산행,http://cfile272.uf.daum.net/original/113C700B4A741B6A2C8E2D,,○,,산술애,111A,y,05
200,2015-05-20,천주산(836m) 공덕산(913m),경북 문경,천주사- 천주산- 갈림길- 서낭당재- 공덕산- 헬기장- 대승재- 대승봉- 쌍연봉- 묘봉- 암릉- 묘적암입구- 주차장..... ,약6시간 산행,http://cfile295.uf.daum.net/original/240A6B48526A3AB91E5A8A,,○,,산술애,112,y,05
201,2015-06-07,도락산(964.4m),충북 단양,상선암주차장- 제봉- 신선봉- 도락산(정상)- 채운봉- 큰선바위- 상선암주차장..... ,약5시간 산행,http://cfile206.uf.daum.net/original/124031274BA79608345D2D,,○,,부중산,120,y,06
202,2015-06-21,설악 십이선녀탕,강원 인제,장수대- 대승폭포- 대승령- 복숭아탕- 십이선녀탕계곡- 남교리..... ,약7시간 산행,http://cfile245.uf.daum.net/original/274EC54D5572372101996B,,○,,,,y,06
203,2015-06-24,가리왕산(1561m),강원 정선,장구목이골입구(400m)- 임도- 주능삼거리- 가리왕산- 마항치삼거리- 어은동임도- 심마니교- 휴양림으로하산..... ,약6시간10분 산행,http://cfile273.uf.daum.net/original/17770A374FF2F5C31AA4E4,,○,,산술애,113,y,06
204,2015-07-05,북바위산(772.1m),충북 제천,물레방아휴게소- 북바위- 신선대- 북바위산- 사시리고개- 사시리계곡- 물레방아휴게소..... ,약5시간 산행,http://cfile233.uf.daum.net/original/134024345098B3582D4A9F,,○,,부중산,121,y,07
205,2015-08-02,소리산(480m),경기 양평,소리산유원지- 소리산- 바람굴- 출세봉- 수리바위- 소금강안내석- 주차장으로 하산..... ,약3시간 산행,http://cfile288.uf.daum.net/original/266E4B4255A0B46B146218,,○,,부중산,122,y,08
206,2015-08-07,소백산(1439m) 국망봉(1421m),충북 단양,천동리주차장- 다리안폭포- 천동계곡- 옹달샘- 천동삼거리- 비로봉- 국망봉갈림길- 국망봉- 상월봉- 늦은매기재- 벌바위골- 어의곡리..... ,약7시간50분 산행,http://cfile227.uf.daum.net/original/14571E1249A18387793AA2,,○,○,산술애,115,y,08
207,2015-08-15,관악산(629.9m),경기 과천,국사편찬위원회- 마당바위- 문원폭포- 장군바위능선- 577봉- 연주암- 관악사지- 사당능선- 사당역..... ,약7시간50분 산행,http://cfile300.uf.daum.net/original/255A803454D6E3B9361094,,○,,,,y,08
208,2015-08-23,취적봉(728.2m),강원 정선,덕우삼거리- 하돌목교- 사모바위- 취적봉- 행철봉- 강릉유씨묘- 덕산기계곡- 덕산3교- 덕산2교- 덕산1교- 덕우리..... ,약3시간40분 산행,http://cfile281.uf.daum.net/original/1951933F5031CFA90127B1,이곳에는 덕우팔경이 있다<br><br>◑ 낙모암은 덕우리1반 백평마을 삼합수 강변에 모자 모양의 기암절벽이며<br><br>◑ 제월대는 덕우리1반 백평 마을 강변의 U자형 깎아지른 암봉으로 그 사이에 달이 뜨면 이쪽저쪽 봉우리로 달이 건너다닌다.<br><br>◑ 구운병은 덕우리1반 대촌 마을 강변에 아홉 폭 병풍을 세워놓은 듯한 기암이고<br><br>◑ 옥순봉은 덕우리 대촌마을 강변에 상투를 틀어올린 듯한 석봉이다. 이 봉우리를 옛날 마고할멈이 신을 삼아 신었다는 전설이 있다.<br><br>◑ 반선정은 대촌 마을 강변의 경치를 즐기던 정자로 일제 때 일본헌병 이해남이 정자 터가 탐이 나 반선정을 헐고<br>....그 자리에 자기 조상의 묘를 이장하니 대촌 사람들은 그의 서슬에 눌려 이의를 제기하지 못하였다.<br>....그 후 마을에는 변괴가 일어났다. 마을 개들이 밤마다 반선정 터를 바라보며 짖어대고<br>....마을의 기와집 9동이 원인 모를 화재로 잿더미가 되었다. 이해남 일가도 패가망신 하였다고 한다.<br><br>◑ 운금장은 덕우리2반 유천 마을 남향에 솟은 산으로 구름이 피어오르는 모습이 황홀하다.<br><br>◑ 백오담은 덕우리 유천 마을 중앙의 연못이 있던 자리로  옛날 연못에 흰 까마귀가 서식하였다고 한다.<br>....어떤 욕심 많은 사람이 명당이라 탐욕하여 연못을 메우고 그 터에 집을 지은 후 가세가 기울었고 <br>....그 후 지금까지도 그 집으로 이사 가는 사람은 집안이 망조가 들어 폐가로 있다.<br><br>◑ 취적대는 덕우리 유천마을 강변에 있는 석벽이다.<br>....이 석벽 아래에서 연산군의 폐 세자가 귀양살이를 하며 피리를 불던 곳이라 취적봉이라 부르기도 한다.,○,,,,y,08
209,2015-09-06,구봉산(1002m),전북 진안,윗양명주차장- 1봉~8봉- 구봉산정상- 바랑재- 바랑골- 주차장..... ,약5시간10분 산행,http://cfile234.uf.daum.net/original/27121846539468C0099812,,○,,부중산,123,y,09
210,2015-09-11,백령도,인천 옹진,(첫째날) 용기포항- 사곶해변- 천안함위령탑- 중화동교회- 유람선관광(장촌포구- 두무진 왕복)- 용트림바위- 두무진.....<br>........................ (둘째날) 사자바위- 심청각- 콩돌해안- 녹색명소- 백령대교- 창바위- 용기포항- 인천항.....(선박이동 8시간. 유람선 1시간30분 포함) ,1박2일 약34시간 여행,http://cfile221.uf.daum.net/original/2422A84853FEC7A334FC97,,○,○,,,y,09
211,2015-09-16,백악산(857m),경북 상주,입석분교- 물안이골- 수안재- 삼거리- 대왕봉- 삼거리- 암봉- 백악산- 832봉- 헬기장- 강아지바위- 암봉- 옥양폭포- 주차장..... ,약7시간50분 산행,http://cfile268.uf.daum.net/original/2115714152250A29314D6D,,○,,산술애,116,y,09
212,2015-10-04,방태산(1443.7m),강원 인제,휴양림- 갈림길삼거리- 매봉령- 구룡덕봉- 방태산(주억봉)- 지당골- 이단폭포- 휴양림..... ,약6시간10분 산행,http://cfile227.uf.daum.net/original/126244404FC6A7A03B5185,,○,,부중산,124,y,10
213,2015-10-12,설악산(1708m),강원 인제,한계령휴게소- 한계령삼거리- 끝청봉- 중청대피소- 대청봉(정상)- 남설악탐방센터(오색)..... ,약7시간40분 산행,http://cfile235.uf.daum.net/original/1122CE114B589252215534,,○,○,산술애,117,y,10
214,2015-10-17,한라산(1950m),제주 서귀포,(첫째날) 성판악휴게소- 속밭쉼터- 사라오름입구- 진달래밭대피소- 한라산(백록담)- 사라오름- 성판악휴게소.....<br>........................ (둘째날) 올레길7코스 외돌개길- 석부작박물관- 올레길10코스 송악산- 동백수목원(카멜리아힐).... ,약7시간30분 산행,http://db.kookje.co.kr/news2000/photo/2010/1015/l20101015.22020201806i2.jpg,창단10주년기념특별산행 (1박2일),○,○,부중산,124A,y,10
215,2015-11-01,월출산(808.7m),전남 영암,천황사- 바람폭포- 구름다리- 사자봉- 천황봉- 바람재- 구정봉- 바람재- 삼거리- 경포대지원센터로 하산..... ,약5시간30분 산행,http://cfile233.uf.daum.net/original/116BC9494D0A047B0A7B8F,,○,,부중산,125,y,11
216,2015-11-06,달마산(489m),전남 해남,도솔봉주차장- 도솔암- 떡봉- 하숙골재- 대밭삼거리- 작은금샘삼거리- 문바위재- 달마산 정상(불썬봉)- 미황사..... ,약5시간 산행,http://cfile231.uf.daum.net/original/1139A4454EFA7EEE337C76,,○,,산술애,118,y,11
217,2015-11-22,북한산 상장능선(565m),경기 고양,솔고개- 1봉~9봉- 육모정고개- 우이동….. ,약7시간 산행,http://cfile230.uf.daum.net/original/2336C145521C1EC2261960,,○,,,,y,11
218,2015-12-06,감악산(675m),경기 파주,범륜사매표소- 합수곡- 540봉- 악귀봉- 장군봉- 임꺽정봉- 감악산정상- 까치봉- 샛골재- 묵밭- 범륜사- 매표소..... ,약4시간 산행,http://cfile207.uf.daum.net/original/1472C7234B8E20B9231965,,○,,부중산,126,y,12
219,2015-12-16,괘방산(339.2m),강원 강릉,안인진리주차장- 괘방산성- 삼우봉- 괘방산- 삼거리- 183고지- 정동진..... ,약5시간 산행,http://cfile229.uf.daum.net/original/1104873E50A03E5C24DCB4,,○,,산술애,119,y,12
220,2016-01-03,덕유산(1614m),전북 무주,무주리조트- 설천봉- 향적봉- 백련사- 구천동계곡- 삼공리주차장..... ,약4시간30분 산행,http://cfile286.uf.daum.net/original/122EE5194A7CE1509E5647,,○,,부중산,127,y,01
221,2016-01-21,덕숭산(495.2m),충남 예산,수덕사주차장- 수덕사- 견성암- 정혜사- 정상- 만공탑- 소림초당- 수덕사- 수덕사주차장..... ,약3시간30분 산행,http://cfile228.uf.daum.net/original/2735A33F52252C140DBB7F,,○,,산술애,120,y,01
222,2016-02-21,토왕성폭포,강원 속초,소공원- 매표소- 비룡교- 육담폭포- 비룡폭포- 토왕성폭포전망대- 비룡폭포- 육담폭포- 신흥사- 소공원..... ,약3시간10분 산행,http://cfile287.uf.daum.net/original/2158784B52EB9719154FF6,,○,,,,y,02
223,2016-02-25,가칠봉(1240.4m),강원 홍천,구룡령- 옛구룡령- 산죽능선- 갈전곡봉- 산죽능선- 가칠봉- 삼거리- 실론계곡- 삼봉약수- 휴양림주차장..... ,약5시간40분 산행,http://cfile264.uf.daum.net/original/205E45184A5273B93947FD,,○,,산술애,121,y,02
224,2016-03-06,서대산(904.1m),충남 금산,드림리조트- 용바위- 마당바위- 사자바위- 장군바위- 서대산정상- 성심사- 드림리조트..... ,약4시간 산행,http://cfile247.uf.daum.net/original/162B80354FC447D92DE582,,○,,부중산,128,y,03
225,2016-03-18,팔봉산(327m),강원 홍천,주차장- 팔봉교- 매표소- 1봉- 2봉- 3봉- 해산굴- 4봉- 5봉- 6봉- 7봉- 8봉- 매표소- 주차장..... ,약3시간30분 산행,http://cfile288.uf.daum.net/original/194808114C84CB6F5349BA,,○,,산술애,122,y,03
226,2016-04-07,주작산_덕룡산,전남 강진,오소재- 암릉- 작천소령- 주작산- 첨봉- 서봉- 덕룡산동봉- 소석문..... ,약10시간 산행,http://cfile231.uf.daum.net/original/115C95214AB5E9EFA773C5,,○,○,산술애,122A,y,04
227,2016-04-14,와룡산(801.4m),경남 사천,와룡골 감시초소- 덕룡사- 거북바위- 사자바위- 기차바위- 민재봉- 헬기장- 정상(새섬봉)- 도암재- 납골당- 와룡마을..... ,약5시간 산행,http://cfile269.uf.daum.net/original/12556A3B506F920B2B0B51,,○,○,산술애,123,y,04
228,2016-05-01,동악산(735m),전남 곡성,도림사- 마른계곡- 신선바위- 동악산 정상(시루봉)- 청계동갈림길- 중봉삼거리- 배넘어재- 대장봉- 형제봉- 동봉- 도림사..... ,약5시간 산행,http://cfile253.uf.daum.net/image/22786146571A16511BBE27,,○,,부중산,130,y,05
229,2016-05-08,남산제일봉(1010m),경남 합천,해인사버스터미널- 해인관광호텔- 남산제일봉- 청량사- 황산저수지- 매화산장- 청량사입구..... ,약4시간30분 산행,http://cfile214.uf.daum.net/original/201DF6054B24D8EA12E865,,○,○,,,y,05
230,2016-05-25,가은산_둥지봉,충북 제천,옥순대교- 소나무고개- 새바위- 벼락맞은바위- 둥지봉- 가은산- 기와집바위- 정오바위- 상천휴게소..... ,약6시간 산행,http://cfile231.uf.daum.net/original/1374B349517F2581389A43,,○,○,산술애,124,y,05
231,2016-06-05,팔공산(1193m),대구 동구,수태골- 암벽훈련장- 오도재- 서봉- 비로봉- 동봉- 염불암갈림길- 염불암- 부도암- 동화사- 주차장..... ,약5시간 산행,http://cfile296.uf.daum.net/original/2110B2355749C190308AD5,,○,,부중산,131,y,06
232,2016-06-20,구봉산(1002m),전북 진안,윗양명주차장- 1봉~8봉- 구봉산정상- 돈내미재- 천황암- 절골- 소류지- 주차장.....<br>….............(원래 코스는 바랑골 하산이지만 못가본 절골로 홀로 하산함),약5시간10분 산행,http://cfile234.uf.daum.net/original/27121846539468C0099812,,○,,산술애,125,y,06
233,2016-07-03,오대산 선재길,강원 평창,상원사주차장- 상원사- 신선암- 오대산장- 월정사- 주차장..... ,약5시간 산행,http://cfile232.uf.daum.net/original/240C824A562D94D8167664,,○,,부중산,132,y,07
234,2016-07-21,금대봉 대덕산,강원 태백,싸리재- 금대봉- 고목나무샘- 분주령- 대덕산- 분주령골- 검룡소- 주차장..... ,약6시간40분 산행,http://cfile230.uf.daum.net/original/124C9735500E8CDF016082,,○,,산술애,126,y,07
235,2016-08-07,미인봉(596m) 능강계곡,충북 제천,능강교- 정방사- 정방사삼거리- 미인봉(596m)- 정방사삼거리- 정방사- 능강교..... ,약3시간40분 산행,http://cfile229.uf.daum.net/original/1528C74D50AB0597206DFB,,○,,부중산,133,y,08
236,2016-08-21,신선대(646.7m),강원 고성,화암사 일주문주차장- 숲길입구- 수바위- 신선대(성인대)- 화암사(안부)삼거리- 화암사- 주차장..... ,약3시간40분 산행,http://cfile285.uf.daum.net/original/243FEB4F5688864F09B0BF,,○,,,,y,08
237,2016-08-23,유명산(862m),경기 가평,휴양림주차장- 능선등산로- 유명산- 합수점삼거리- 마당소- 용소- 박쥐소- 휴양림주차장..... ,약6시간 산행,http://cfile212.uf.daum.net/original/2222DD49542E6C6907DE11,,○,,산술애,127,y,08
238,2016-09-21,황석산(1193m) 거망산(1184m),경남 함양,유동마을- 황석산- 뫼재- 장자벌갈림길- 거망산- 태장골- 사평마을- 용추폭포- 주차장..... ,약7시간 산행,http://cfile225.uf.daum.net/original/2304644C562C696A1109D1,,○,,산술애,128,y,09
239,2016-09-30,무릉계곡,강원 동해,주차장- 금란정- 무릉반석- 삼화사- 학소대- 관음폭포- 두타산성갈림길- 쌍폭포- 용추폭포- 삼화사- 주차장..... ,약3시간30분 산행,http://cfile229.uf.daum.net/original/2026621A4CB80133A41135,,○,,,,y,09
240,2016-10-01,남설악 주전골 망경대(560m),강원 양양,오색약수- 성국사- 독주암- 선녀탕- 용소폭포삼거리- 용소폭포- 용소폭포탐방센터- 망경대- 오색약수..... ,약3시간50분 산행,http://cfile272.uf.daum.net/original/234F894357F0EA590FEBC9,,○,,,,y,10
241,2016-10-14,설악산 오세암 봉정암(1244m),강원 인제,백담사- 영시암- 오세암- 봉정암- 쌍용폭포- 구곡담계곡- 수렴동대피소- 영시암- 백담사..... ,약8시간 산행,http://cfile270.uf.daum.net/image/2408853C5801FD663AB3DB,,○,,산술애,129,y,10
242,2016-10-29,관악산 국사봉,경기 과천,국사편찬위원회- 마당바위- 문원폭포- 국사봉능선- 국사봉- 육봉국기봉- 관양능선- 관악산산림욕장- 관양1동..... ,약5시간 산행,http://cfile259.uf.daum.net/original/137D8E455072DA2602F929,,○,,,,y,10
243,2016-11-05,강천산 산성산,전북 순창,강천사주차장- 신선교- 현수교삼거리- 강천산(왕자봉)- 형제봉- 북문- 산성산(연대봉)- 동문- 남문- 대성리..... ,약5시간30분 산행,http://cfile209.uf.daum.net/original/193519154B8E4F8A40DDFD,,○,,부중산,136,y,11
244,2016-11-07,내장산,전북 정읍,터미널- 벽련암- 서래봉- 불출봉- 망해봉- 연지봉- 까치봉- 내장산(신선봉)- 금선계곡- 내장사- 터미널..... ,약7시간 산행,http://cfile268.uf.daum.net/original/2054FA254CC4E84F4ED6A5,,○,,산술애,130,y,11
245,2016-12-19,신선대(646.7m),강원 고성,화암사 일주문주차장- 숲길입구- 수바위- 신선대(성인대)- 화암사(안부)삼거리- 화암사- 주차장..... ,약3시간30분 산행,http://cfile285.uf.daum.net/original/243FEB4F5688864F09B0BF,,○,,산술애,131,y,12
246,2017-01-17,태기산(1261m),강원 평창,양구두미재- 태기갈림길- 태기산- 태기분교터- 태기산성비- 송덕사- 신대리종점..... ,약5시간20분 산행,http://cfile219.uf.daum.net/original/2476FF33547BE41017AA8B,,○,,산술애,132,y,01
247,2017-01-29,고대산(832m),경기 연천,매표소- 제2등산로- 말등바위- 칼바위- 대광봉- 삼각봉- 고대봉- 제3등산로- 표범폭포- 매표소..... ,약5시간 산행,http://cfile297.uf.daum.net/original/171341174B873E2A29C63C,,○,,,,y,01
248,2017-02-04,청계산 광교산 (청광종주),경기 과천,양곡도매시장- 옥녀봉- 매봉- 청계산- 석기봉- 이수봉- 국사봉- 하오고개- 우담산- 바라산- 백운산- 광교산- 비로봉- 형제봉- 반딧불이화장실..... ,약11시간10분 산행,http://cfile292.uf.daum.net/original/174D073F51536C4F1C7C7B,..........<img src='http://cfile223.uf.daum.net/original/2263D74054D0B7992F9C54'>,○,,산술애,,y,02
249,2017-02-05,영인산(363.6m),충남 아산,주차장- 수목원- 상투봉- 흔들바위- 닫자봉- 영인산(신선봉)- 깃대봉- 연화봉- 휴양림- 주차장..... ,약5시간 산행,http://cfile227.uf.daum.net/original/254720375973FA6F29A102,,○,,부중산,137,y,02
250,2017-02-24,치악산(1288m),강원 원주,부곡리마을- 부곡탐방지원센터- 큰무레골- 1004봉- 비로봉- 사다리병창- 구룡사- 주차장..... ,약6시간50분 산행,http://cfile221.uf.daum.net/original/1778F2464F9521400FD8E5,,○,,산술애,133,y,02
251,2017-03-05,칠갑산(561m),충남 청양,천장호주차장- 출렁다리- 칠갑산정상- 삼형제봉- 금두산- 백리산- 장승공원- 주차장..... ,약4시간30분 산행,http://cfile203.uf.daum.net/original/234EB34651AC05952BC9CE,,○,,부중산,138,y,03
252,2017-05-07,화왕산(756.6m),경남 창령,자하매표소- 3등산로- 도성암- 화왕산- 서문- 동문- 배바위- 1등산로옆 능선- 화왕산장- 자하매표소..... ,약5시간30분 산행,http://cfile274.uf.daum.net/image/2703893A59106A9B107043,,○,,부중산,140,y,05
253,2017-06-04,오봉산(779m),강원 춘천,배후령- 경운산- 1.2.3.4봉- 오봉산정상- 홈통바위- 촛대바위- 청평사- 구송폭포- 주차장..... ,약4시간30분 산행,http://cfile233.uf.daum.net/original/1131054B4FAA2C3D0A9431,,○,,부중산,141,y,06
254,2017-06-14,월악산(1094m),충북 제천,수산교- 보덕암- 하봉- 중봉- 월악산정상(영봉)- 마애봉- 마애불- 덕주사- 덕주사입구..... ,약7시간20분 산행,http://cfile213.uf.daum.net/original/205B81244A3795217B670F,,○,,산술애,137,y,06
255,2017-07-02,두타산 무릉계곡,강원 동해,주차장- 삼화사- 관음암- 하늘문- 신선봉- 선녀탕- 쌍폭포- 용추폭포- 옥류교- 학소대- 삼화사- 주차장으로 하산..... ,약4시간 산행,http://cfile217.uf.daum.net/original/2727BC3857679FD7264E87,,○,,부중산,142,y,07
256,2017-07-21,주왕산(720.6m),경북 청송,주차장- 대전사- 전망대- 주왕산정상(주봉)- 후리메기- 3폭포- 2폭포- 1폭포- 주왕굴- 대전사- 주차장으로 하산..... ,약6시간 산행,http://cfile281.uf.daum.net/original/243E003B56D435A42D6657,,○,,산술애,138,y,07
257,2017-08-06,청우산(619.3m),경기 가평,느티나무가든- 능선갈림길- 청우산 정상- 능선갈림길- 갈림길- 청오사- 느티나무가든으로 하산..... ,약3시간30분 산행,http://www.baegdu.net/www/admin_img/1154747745.img.jpg,,○,,부중산,143,y,08
258,2017-08-18,아가봉 옥녀봉,충북 괴산,행운민박(농가)- 배티골- 매바위- 아가봉- 사기막재- 옥녀봉- 갈은구곡- 갈론교- 마을주차장으로 하산..... ,약6시간50분 산행,http://cfile270.uf.daum.net/original/190445424FFE83190E0604,,○,,산술애,139,y,08
259,2017-08-20,소백산자락길,경북 영주,배점주차장- 초암골(죽계구곡)- 초암사- 삼거리- 달밭재- 비로골- 비로사- 삼가주차장으로 하산..... ,약4시간20분 산행,http://cfile295.uf.daum.net/original/196F420D4A550CA108E17A,,○,,,,y,08
260,2017-09-03,용화산(878.4m),강원 화천,큰고개- 용화산- 안부- 고탄령- 사여령- 휴양림- 사여교로 하산..... ,약5시간 산행,http://cfile295.uf.daum.net/image/99A5BD33599270D11C9542,,○,,부중산,144,y,09
261,2017-09-19,우두산(1046m),경남 거창,주차장- 이정표- 안부- 바리봉- 장군봉- 지남산- 의상봉- 우두산- 암릉- 고개삼거리- 마장재- 주차장으로 하산..... ,약6시간30분 산행,http://cfile228.uf.daum.net/original/2050B03650B474CF049255,,○,,산술애,140,y,09
262,2017-10-07,하설산 문수봉,충북 제천,달농실마을- 안부- 어래산- 하설산- 매두막봉- 오두현- 문수봉- 안부- 와폭- 용하구곡- 용하야영장으로 하산..... ,약10시간 산행,http://cfile235.uf.daum.net/original/0246E54750CAEAE231F47E,,○,,산술애,,y,10
263,2017-10-15,설악산 화채능선,강원 속초,오색- 대청봉- 양폭갈림길- 화채봉- 칠성봉- 토왕골갈림길- 토왕성폭포상단▲ 토왕골- 비룡폭포- 설악동..... ,약14시간30분 산행,http://cfile287.uf.daum.net/original/2158784B52EB9719154FF6,이 지도만 미리 알았더라면 어려움이 없었을 것을.... 매우 아쉽다.....,○,,,,y,10
264,2017-10-27,대둔산(879m),충남 논산,수락리- 809봉- 낙조대- 칠성봉전망대- 금강구름다리- 삼선계단- 마천대- 군지구름다리- 수락폭포- 주차장..... ,약6시간10분 산행,http://cfile244.uf.daum.net/original/2347564E535B99EF055BC4,,○,,산술애,141,y,10
265,2017-11-05,추월산(731m),전남 담양,주차장- 보리암- 보리암정상(상봉)- 추월산 정상- 월계리갈림길- 월계리- 주차장으로 하산..... ,약4시간10분 산행,http://cfile226.uf.daum.net/original/261259425634BD3B056F53,,○,,부중산,146,y,11
266,2017-11-17,운악산(937.5m),경기 가평,하판리주차장- 백년폭포- 백호능선- 절고개- 동봉- 서봉- 동봉- 청룡능선- 주차장으로 하산..... ,약5시간30분 산행,http://cfile273.uf.daum.net/original/2155C247568F747409A6F6,,○,,산술애,142,y,11
267,2017-12-03,해명산(327m),인천 강화,전득이고개- 해명산- 방개고개- 새가리고개- 낙가산- 절고개- 마애관음좌상- 보문사- 주차장으로 하산..... ,약4시간30분 산행,http://cfile227.uf.daum.net/original/19258A184BA46DB183D9D9,,○,,부중산,147,y,12
268,2017-12-15,오서산(790.7m),충남 홍성,상담주차장- 정암사- 오서전망대- 오서산- 병풍능선- 내원사- 쉰질바위- 내원골- 광성주차장으로 하산..... ,약5시간30분 산행,http://cfile209.uf.daum.net/original/1179D5134BA9E2C8547E33,,○,,산술애,143,y,12
269,2018-01-18,노추산(1322m),강원 정선,노추산민박- 절골- 대성사갈림길- 샘터- 너덜지대- 이성대- 갈림길- 노추산- 늘막골갈림길- 모정탑길..... ,약6시간20분 산행,http://cfile283.uf.daum.net/original/99C74A335B34B17734F8FF,,○,,산술애,144,y,01
270,2018-02-04,고루포기산(1238.3m),강원 평창,대관령- 능경봉- 샘터- 왕산골갈림길- 전망대- 오목골갈림길- 고루포기산- 오목골갈림길- 오목골- 오목교..... ,약4시간30분 산행,http://cfile208.uf.daum.net/original/197AF3464F3F029108EC72,,○,,부중산,149,y,02
271,2018-02-17,도봉산 다락능선 우이암,경기 의정부,망월사역- 도봉사무소- 심원사- 다락능선- 포대정상- Y계곡- 신선대(정상)- 주봉- 우이암- 원통사- 우이동..... ,약6시간10분 산행,http://cfile224.uf.daum.net/original/1317F94B4EB6B7E639D63A,,○,,,,y,02
272,2018-02-26,입암산 갓바위(641m),전남 장성,주차장- 탐방지원센터- 장성새재갈림길- 은선동삼거리- 안부- 갓바위- 북문- 남문- 은선동삼거리- 주차장..... ,약5시간20분 산행,http://cfile235.uf.daum.net/original/215C573350CEFF27145C4F,,○,,산술애,145,y,02
273,2018-03-04,제비봉(721m),충북 단양,구미버스승강장- 제비봉- 545봉- 장회나루..... ,약5시간 산행,http://cfile273.uf.daum.net/original/133F38434FC8694A200074,,○,,부중산,150,y,03
274,2018-03-23,벽방산(650.3m),경남 통영,안정사주차장- 가섭암- 의상암- 갈림길- 의상봉- 벽방산- 안정재- 천개산- 은봉암갈림길- 금불상- 은봉암- 안정사- 주차장..... ,약4시간40분 산행,http://cfile210.uf.daum.net/original/116A173C508602CD335CAB,,○,,산술애,146,y,03
275,2018-04-15,선운산(336m),전북 고창,주차장- 선운사- 도솔암- 낙조대- 천마봉- 용문굴갈림길- 소리재- 참당암- 선운산- 마이재- 선운사- 주차장..... ,약4시간15분 산행,http://cfile201.uf.daum.net/original/1503930D4BAEBE8BA9D52C,,○,,,,y,04
276,2018-04-21,성인봉(986m),경북 울릉,(첫째날) 부천- 묵호항- 울릉도(도동)- 독도관광- 울릉도(저동)- 태하항<br>........................ (둘째날) 나리분지- 신령수(샘)- 성인수(샘)- 성인봉- 대원사..... / 저동항- 강릉항- 부천.....<br>…..................... (당초 2일 일정이었으나 풍랑으로 복편 선박운항 취소되어 1박 추가)…..,약4시간30분 산행,http://cfile233.uf.daum.net/original/1852AE3E50A5FB1D1DF997,,○,○,부중산,151A,y,04
277,2018-05-14,구봉대산(870m),강원 영월,법흥사주차장- 널목재- 1봉(양이봉)….. 8봉(정상- 9봉(윤회봉)- 음다래기골- 신라가든 삼거리..... ,약6시간 산행,http://cfile253.uf.daum.net/original/167DCD4A4F4379FA0F7C8E,,○,,산술애,148,y,05
278,2018-05-20,축령산(879m) 서리산(825m),경기 남양주,매표소- 수리바위- 남이바위- 축령산(879m)- 절고개- 서리산(825m)- 철쭉동산- 화채봉삼거리- 휴양림- 매표소..... ,약6시간 산행,http://cfile226.uf.daum.net/original/1416E250515F9138272DCC,,○,,,,y,05
279,2018-05-24,수도산 가야산 (수도가야종주),경북 김천,수도암- 수도산- 단지봉- 좌대곡령- 용두암봉- 목통령- 불기령- 두리봉- 코박이재- 가야산(상왕봉.칠불봉)- 서성재- 용기골- 주차장..... ,약13시간30분 산행,http://cfile255.uf.daum.net/original/1239BB274BD1425101B594,,○,○,산술애,148A,y,05
280,2018-06-03,소백산연화봉(1383m),경북 영주,죽령 탐방지원센터 입산-제2연화봉(1357m)-천문대 연화봉(1383m)-희방사-희방폭포-희방 탐방지원센터..... ,약 5시간40분 산행,http://cfile213.uf.daum.net/original/19076B47500D26FA33D475,,○,,부중산,152,y,06
281,2018-06-11,화악산 석룡산,경기 가평,화악터널- 실운현- 북봉- 삼일봉- 방림고개- 석룡산- 조무락골- 38교..... ,약6시간50분 산행,http://cfile271.uf.daum.net/original/99658A495B12623F2B78A1,,○,,산술애,149,y,06
282,2018-06-17,희양산(999m) 구왕봉(879m),충북 괴산,은티마을- 육각정쉼터- 삼거리- 성터갈림길- 희양산 갈림길- 희양산- 지름티재- 전망대- 구왕봉- 육각정쉼터- 은티마을..... ,약6시간 산행,http://cfile225.uf.daum.net/original/2604D63F52E203900FD698,,○,,,,y,06
283,2018-07-01,대야산(930.7m),경북 문경,대야산주차장- 용추계곡- 월영대삼거리- 밀재- 대야산- 피아골- 월영대삼거리- 용추계곡- 대야산주차장..... ,약4시간 산행,http://cfile218.uf.daum.net/original/9963C9485A8D43222D7E9F,,○,,부중산,153,y,07
284,2018-07-13,강씨봉(830m),경기 가평,강씨봉 자연휴양림- 삼거리- 도성고개- 강씨봉- 오뚜기고개- 삼거리- 강씨봉 자연휴양림..... ,약6시간30분 산행,http://cfile201.uf.daum.net/original/995627345A8596F50AA328,,○,,산술애,150,y,07
285,2018-08-05,칠보산(778m),충북 괴산,떡바위- 문수암골- 청석고개- 칠보산- 거북바위- 활목고개- 살구나무골- 신선폭포- 쌍곡폭포- 쌍곡휴게소..... ,약4시간 산행,http://cfile213.uf.daum.net/original/2719473C51832432193EF5,,○,,부중산,154,y,08
286,2018-08-19,석룡산(1147m),경기 가평,삼팔교- 조무락골- 2코스(능선길)- 도마봉갈림길- 석룡산정상- 조무락골- 쌍룡폭포- 복호동폭포- 삼팔교..... ,약4시간15분 산행,http://cfile271.uf.daum.net/original/99658A495B12623F2B78A1,,○,,,,y,08
287,2018-08-25,여성봉(495m) 오봉(655m),경기 양주,제2주차장- 오봉탐방지원센터- 여성봉- 오봉- 송추폭포 갈림길- 송추폭포- 송추계곡- 제2주차장..... ,약3시간10분 산행,http://cfile284.uf.daum.net/image/99D1954A5ED208AC23816C,,○,,,,y,08
288,2018-09-02,희양산(999m),충북 괴산,은티마을- 육각정- 삼거리- 지름티재- 희양산 갈림길- 희양산- 성터갈림길- 희양폭포- 육각정- 은티마을..... ,약5시간20분 산행,http://cfile225.uf.daum.net/original/2604D63F52E203900FD698,,○,,부중산,155,y,09
289,2018-09-16,만복대(1438m),전남 구례,성삼재- 당동고개- 작은고리봉- 묘봉치- 만복대- 정령치..... ,약3시간30분 산행,http://cfile266.uf.daum.net/original/22530844516F735B09991F,,○,,,,y,09
290,2018-10-07,주흘산(1106m),경북 문경,주차장- 1관문(주흘관)- 여궁폭포- 혜국사- 주봉(1079)- 영봉(1106)- 꽃밭서들- 2관문(조곡관)- 1관문- 주차장..... ,약5시간30분 산행,http://cfile291.uf.daum.net/original/235CE04558884514237476,,○,,부중산,156,y,10
291,2018-12-02,불곡산(470.7m),경기 양주,대교아파트- 악어바위능선- 420봉- 임꺽정봉- 상투봉- 불곡산 정상(상봉)- 백화암- 백화암 입구..... ,약3시간40분 산행,http://cfile229.uf.daum.net/original/20739D374EC3595222D604,,○,,부중산,158,y,12
292,2018-12-30,북한산(836m),경기 고양,북한산성 탐방지원센터- 계곡길- 대동사- 위문- 백운대- 위문- 대동사- 계곡길- 탐방지원센터..... ,약3시간50분 산행,http://cfile255.uf.daum.net/image/17390C504DEB08C9125FD1,,○,,,,y,12
293,2019-01-06,민둥산(1119m),강원 정선,증산초교- 쉼터- 민둥산 정상- 화암약수갈림길 삼거리- 삼내약수..... ,약4시간30분 산행,http://cfile248.uf.daum.net/image/1133BD244C0869E5372379,,○,,부중산,159,y,01
294,2019-01-20,태백산(1567m),강원 태백,유일사매표소- 유일사- 장군봉- 천제단- 망경사- 반재- 당골매표소..... ,약5시간 산행,http://cfile215.uf.daum.net/original/144EAA124994277867A9D0,,○,,,,y,01
295,2019-03-03,태화산(1567m),강원 영월,오사리- 화산골- 897고지- 태화산- 화산골- 오사리..... ,약5시간40분 산행,http://cfile295.uf.daum.net/original/99BA01395AF101BD3B4DF8,,○,,부중산,160,y,03
296,2019-03-09,금전산(667.9m),전남 순천,낙안불재- 구능수- 돌탑봉- 궁굴재- 금전산- 금강암- 극락문- 낙안온천..... ,약3시간 산행,http://cfile234.uf.daum.net/original/1979E0024B20DFA260E06F,,○,,산술애,,y,03
297,2019-03-09,제석산(560.3m),전남 순천,동화사- 임도- 550봉- 제석산- 신선대- 남끝봉- 대치재- 태백산맥문학관- 벌교터미널..... ,약2시간50분 산행,http://cfile217.uf.daum.net/image/1731123950BFF6D80B0B01,,○,,산술애,,y,03
298,2019-03-19,신지 명사십리,전남 완도,신지대교- 물하태- 등대사거리- 명사십리해변- 울몰..... (보길도 입도하여 보길윤선도원림 관광),약3시간 산행,http://cfile246.uf.daum.net/original/191E0C3D50248DA02B201D,,○,,산술애,,y,03
299,2019-03-20,보길도 격자봉(433m),전남 완도,보길파출소- 광대봉- 큰길재- 수리봉- 격자봉- 425봉- 뽀래기재- 삼거리- 망월봉- 망끝전망대..... ,약5시간30분 산행,http://cfile294.uf.daum.net/image/99E75B395C971D0A1C4D54,,○,,산술애,,y,03
300,2019-04-13,영월지맥 치악산,강원 원주,전재- 매화산- 수레너미재- (어령재)- 천지봉- (세렴재)- (배넘이재)- 비로봉- 사다리병창- 세렴폭포- 구룡사..... ,약10시간20분 산행,http://cfile233.uf.daum.net/original/20187C5050C935DC26FDF4,,○,,산술애,,y,04
301,2019-04-27,백운봉(941m),경기 양평,양평중학교- 용문산휴양림- 새수골- 백년약수- 헬기장- 백운봉- 구름재- 사나사- 봉재산 등산로입구..... ,약4시간10분 산행,http://cfile241.uf.daum.net/original/23481D4D51F4671B091387,,○,,,,y,04
302,2019-04-29,이칠봉(1288m) 샛등봉(885m),강원 화천,화악터널- 실운현- 응봉(우회)- 이칠봉- 생기봉- 샛등봉- 물안골- 물안교..... ,약6시간10분 산행,http://cfile218.uf.daum.net/original/123B1D384DD99149130C70,,○,,산술애,,y,04
303,2019-05-05,청화산(984.2m),경북 상주,늘재- 전망대- 헬기장- 청화산- 전망대- 암릉길- 641봉- 입석리.... ,약5시간 산행,http://cfile208.uf.daum.net/original/1173ED3B50C91E461DA9A0,,○,,부중산,162,y,05
304,2019-05-20,운악산(937.5m),경기 포천,운악산휴게소- 무지치폭포- 애기바위- 서봉- 망경대- 두꺼비바위- 사부자바위- 운악사- 운악산휴게소..... ,약6시간 산행,http://cfile201.uf.daum.net/original/26685347568CD60E26BE58,,○,,산술애,151,y,05
305,2019-05-24,계룡산(566m) 선자산(507m),경남 거제,거제공고- 전망대- 계룡산- 절터- 통신탑- 유적지- 고자산치- 선자산- 구천저수지- 심원사입구..... ,약5시간30분 산행,http://cfile288.uf.daum.net/original/131F0B044B9F400408B4A7,,○,,산술애,,y,05
306,2019-05-24,산방산(507.2m),경남 거제,청마기념관- 임도- 257봉- 301봉- 산방산- 부처굴- 산방산비원- 청마기념관- 방산교..... ,약3시간30분 산행,http://db.kookje.co.kr/news2000/photo/2010/0430/l20100430.22020202054i2.jpg,,○,,산술애,,y,05
307,2019-05-25,노자산 가라산 망산,경남 거제,거제자연휴양림- 학동고개- 삼거리- 노자산- 삼거리- 가라산- 다대산성- 저구고개- 망산- 명사..... ,약9시간 산행,http://cfile279.uf.daum.net/original/1370A94A4DD708072F3A48,,○,,산술애,,y,05
308,2019-06-02,황장산(1077m),경북 문경,안생달- 산태골- 황장산 정상- 묏등바위- 작은차갓재- 와인카페- 배창골- 안생달..... ,약4시간20분 산행,http://cfile231.uf.daum.net/original/21028340573EC3C4203E91,,○,,부중산,163,y,06
309,2019-06-16,백화산(933.4m),충북 영동,주차장- 반야교- 계곡길- 백화산 정상(한성봉)- 부들재- 암봉- 주행봉- 반야교- 주차장..... ,약6시간10분 산행,http://www.busan.com/w2010/sannsan/qorghktks.jpg,,○,,,,y,06
310,2019-06-21,황정산(959m),충북 단양,윗점- 대슬랩- 수리봉- 신선봉- 석화봉갈림길- 남봉- 황정산- 영인봉- 삼거리- 원통암- 대흥사..... ,약6시간30분 산행,http://cfile282.uf.daum.net/original/2260DD36532BE1E6040277,,○,,산술애,152,y,06
311,2019-07-07,등잔봉(450m) 산막이옛길,충북 괴산,주차장- 산막이옛길- 소나무 출렁다리- 등잔봉- 한반도 전망대- 천장봉- 진달래능선- 산막이옛길- 주차장..... ,약4시간30분 산행,http://db.kookje.co.kr/news2000/photo//mountain_map/20170511.22020194423a3.jpg,,○,,부중산,164,y,07
312,2019-07-21,반암산(840m),강원 화천,반암산휴게소- 전망대- 반암산- 삼각문바위- 덕골계곡- 반암산휴게소..... ,약2시간40분 산행,http://cfile224.uf.daum.net/original/2447F24A53A3DAF51A0A5F,,○,,,,y,07
313,2019-07-24,대암산(1312m),강원 인제,서흥리 탐방안내소- 삼거리- 큰용늪- 용늪관리소- 대암산- 삼거리- 서흥리 탐방안내소..... ,약5시간20분 산행,http://t1.daumcdn.net/cafeattach/1K7aU/199c0f08ae314b99908ad5be1ed0269df807150e,,○,,산술애,153,y,07
314,2019-08-04,강씨봉(830m),경기 가평,강씨봉 자연휴양림- 삼거리- 도성고개- 강씨봉- 두꺼비바위- 연화소- 삼거리- 강씨봉 자연휴양림..... ,약4시간 산행,http://cfile279.uf.daum.net/original/99B4493E5D296BB92DE179,,○,,부중산,165,y,08
315,2019-08-13,장군봉(738m),전북 완주,구수산장- 군부대앞- 슬랩구간- 장군봉- 사자바위- 두꺼비바위- 724.5봉- 해골바위- 구수산장..... ,약6시간10분 산행,http://cfile223.uf.daum.net/original/13276E0E4C1156911D7222,,○,○,산술애,154,y,08
316,2019-09-01,황악산(1111m),경북 김천,직지사- 백련암- 황악산- 백련암- 직지사..... ,약5시간 산행,http://cfile275.uf.daum.net/original/21124E3E532BDFDE252524,,○,,부중산,166,y,09
317,2019-09-16,청계산 매봉(582.5m),서울 서초,원터골초소- 길마재- 헬기장- 돌문바위- 매바위- 매봉- 마당바위- 원터골초소..... ,약3시간20분 산행,http://cfile285.uf.daum.net/original/183F760D4B93AD81DE8025,,○,,,,y,09
318,2019-09-26,계룡산(766m),충남 공주,갑사매표소- 용문폭포- 금잔디고개- 삼불봉고개- 삼불봉- 자연성릉- 관음봉- 관음봉고개- 연천봉고개- 연천봉- 신원사..... ,약7시간 산행,http://cfile281.uf.daum.net/image/99D54C385D8B6B7C1CF1D0,,○,,산술애,155,y,09
319,2019-10-06,운장산(1126m),전북 진안,내처사동- 앞산날베기 능선- 동봉- 운장산- 서봉- 활목재- 내처사동..... ,약4시간30분 산행,http://cfile238.uf.daum.net/original/1529051E4B14FBBB87273E,,○,,부중산,167,y,10
320,2019-10-19,간월공룡 신불공룡,경남 울주,간월산장- 간월공룡능선- 간월산- 간월재- 신불산- 신불공룡능선- 스카이호텔콘도..... ,약9시간50분 산행,http://cfile269.uf.daum.net/original/1924B94F4E808899317424,,○,,산술애,,y,10
321,2019-10-20,가지산 학심이골,경북 청도,사리암주차장- 삼거리- 학심이골- 상운산- 쌀바위- 가지산- 아랫재- 심심이골- 삼거리- 사리암주차장..... ,약10시간40분 산행,http://cfile258.uf.daum.net/image/994313365DB04AD20F8DBF,,○,,산술애,,y,10
322,2019-10-24,속리산 묘봉(874m),경북 상주,묘봉두부마을- 토끼봉 갈림길- 사지매기재- 토끼봉- 첨탑바위- 상학봉- 암봉- 묘봉- 미타사- 운흥2리..... ,약7시간 산행,http://cfile274.uf.daum.net/original/273A5147532F228614558D,,○,,산술애,156,y,10
323,2019-11-03,구병산(876m),충북 보은,적암리- 팔각정- 절터갈림길- 신선대- 동봉(853m)- 백운대- 구병산(876m)- 적암리.... ,약5시간30분 산행,http://cfile209.uf.daum.net/original/24590B4356E2210B2EEB19,,○,,부중산,168,y,11
324,2019-11-05,두륜산(703m),전남 해남,오소재- 오심재- 노승봉- 두륜산(가련봉)- 만일재- 두륜봉- 진불암- 천년수- 북미륵암- 대흥사- 주차장.... ,약5시간50분 산행,http://cfile284.uf.daum.net/image/994194405C5B9B9C1E75EC,,○,,산술애,157,y,11
325,2019-11-17,가덕산(858.1m),경기 가평,홍적고개- 몽덕산- 납실고개- 앵상골고개- 가덕산- 전명골재- 멱골..... ,약5시간 산행,http://cfile230.uf.daum.net/original/1746453C5098B5BA13C39E,,○,,,,y,11
326,2019-12-01,봉화산(526m),강원 춘천,주차장- 구곡폭포- 문배마을- 두리봉(486m)- 봉화산(526m)- 안산(310m)- 주차장..... ,약3시간30분 산행,http://www.baegdu.net/www/admin_img/1214234178.img.jpg,,○,,부중산,169,y,12
327,2019-12-03,대각산(187.2m),전북 군산,주차장- 199m봉- 월영재- 월영봉(198m)- 몽돌해수욕장- 대각산(187.2m)- 방조제- 월영재- 주차장..... ,약4시간10분 산행,http://cfile213.uf.daum.net/original/172EF23E4F58B543176057,,○,,산술애,158,y,12
328,2020-01-05,노추산(1322m),강원 강릉,(A코스) 절골- 대성사- 이성대- 노추산(1322m)- 출발지 원점회귀<br>........................(B코스 모정탑길 탐방 약3시간30분)..... ,약5시간30분 산행 ,http://cfile283.uf.daum.net/original/99C74A335B34B17734F8FF,,○,,부중산,170,y,01
329,2020-04-13,문덕봉 고리봉(708.1m),전북 남원,비홍재- 비홍산성- 철탑- 문덕봉- 고정봉- 그럭재- 두바리봉- 마애불상- 삿갓봉- 고리봉- 만학재- 만학골- 만학폭포- 매촌리.....,약11시간30분 산행,http://cfile262.uf.daum.net/original/182A5C4E503C3BC0045ABC,우한폐렴이 창궐하던 시기에... 겸사겸사 무릎 치료차 약4개월 동안 두문불출 하다가<br>과거에 미리 약속 했었던 **남원의 용아장성** 이라는 문덕봉_고정봉_삿갓봉_고리봉 산행을 하게 되었다...<br>전에도 비슷한 산행을 가끔 했었기에 별 생각없이 산행에 나선것이 문제였다...<br>장기간 운동을 안해 체력이 떨어진 것을 간과 한데다가.. 설상가상으로 배탈까지 났던 것이다...<br>죽을 고생을 했다... 처음으로 이런 어려운 산행을 겪고보니 다시는 이런일 없게 점검과 준비가 필요함을 절실히 느꼈고...<br>아울러 내가 무사히 하산할 수 있도록 짐을 덜어준 동료애에 무한히 감사하며 잊지못할 기억으로 남게되었다....,○,,산술애,,y,04
330,2020-04-28,백화산(284m),충남 태안,청소년수련관- 용허리바위- 흔들바위- 악어바위- 백화산- 마애삼존불- 태을암- 낙조봉- 장수바위- 태안향교.....,약3시간20분 산행,http://cfile293.uf.daum.net/original/992AB4435CB2C33A1CD942,,○,,산술애,161,y,04
331,2020-05-19,사랑산(647m),충북 괴산,용추수퍼주차장- 코끼리바위- 사랑바위- 갈림길- 독수리바위- 사랑산- 삼거리봉- 용추폭포- 용추수퍼주차장.....,약4시간30분 산행,http://cfile215.uf.daum.net/original/2458633C50CEFB8308DB6F,,○,,산술애,162,y,05
332,2020-05-29,여성봉(495m) 오봉(655m),경기 양주,제2주차장- 오봉탐방지원센터- 여성봉- 오봉- 송추폭포 갈림길- 송추폭포- 송추계곡- 제2주차장..... ,약5시간30분 산행,http://cfile284.uf.daum.net/image/99D1954A5ED208AC23816C,,○,,,,y,05
333,2020-06-10,태백 백병산(1259.3m),강원 태백,원통골 체육공원- 주능선- 병풍바위- 마고성- 백병산- 낙동정맥 삼거리- 고비덕재- 원통골 체육공원..... ,약5시간 산행,http://cfile216.uf.daum.net/original/1560BC134B2E04E289857B,,○,,산술애,,y,06
334,2020-06-25,소똥령(340m),강원 고성,소똥령 숲길입구- 구름다리- 소똥령1봉- 2봉- 3봉- 칡소폭포- 생태체험학습장- 소똥령마을- 장신리유원지.....,	약2시간30분 산행,http://cfile273.uf.daum.net/original/144BA94B505B9BFA015EAF,,○,,산술애,163,y,06
335,2020-07-23,오대산 선재길,강원 평창,월정사일주문- 전나무숲길- 월정사- 회사거리- 섶다리- 상원사주차장.....,	약3시간40분 산행,http://cfile235.uf.daum.net/original/252D3F47578467081EC4FC,,○,,산술애,164,y,07
336,2020-08-21,지리산 피아골,전남 구례,성삼재- 노고단고개- 돼지령- 피아골삼거리- 피아골대피소- 직전마을.....,	약6시간30분 산행,http://cfile260.uf.daum.net/original/99798B485D2DB34A34555F,,○,,산술애,165,y,08
337,2020-09-06,성주산 소래산,경기 시흥,정명약수터- 성주산- 만의골안부- 소래산- 사거리- 계란마을.....,	약2시간 산행,http://cfile294.uf.daum.net/original/99A3F9375F54D1A5357878,,○,,,,y,09
338,2020-09-18,가리산,강원 홍천,자연휴양림- 새득이봉- 가삽고개- 3봉/2봉/정상- 무쇠말재- 큰장구실골- 휴양림.....,	약6시간 산행,http://cfile250.uf.daum.net/original/990D2E4D5B07EED406088A,,○,,산술애,166,y,09
339,2020-09-26,소래산_성소장상관거 일주,경기 시흥,전진아파트- 성주산- 소래터널- 마애보살입상- 소래산- 장수봉- 김재로묘- 상아산- 관모산- 거마산- 전진아파트…..,약4시간30분 산행,http://cfile258.uf.daum.net/original/99F04B375F701FD2246B76,,○,,,,y,09
340,2020-10-21,주흘산 부봉,경북 문경,새재주차장- 1관문(주흘관)- 여궁폭포- 대궐샘- 주봉- 영봉- 960봉- 부봉(1봉~6봉)- 2관문(조곡관) - 1관문- 주차장.....,약8시간 산행,http://cfile236.uf.daum.net/original/1906A8434FD6C8461F9381,,○,,산술애,167,y,10